timestamp,PM2.5,PM10,temperature,humidity,wind_speed,pressure,rainfall
2026-08-10 11:00:00,12.27,29.85,26.1,52.63,4.69,1018.36,0.0
2026-08-10 12:00:00,4.51,32.35,26.78,51.4,10.57,1019.45,0.0
2026-08-10 13:00:00,12.12,31.95,28.84,47.8,3.9,1019.65,0.0
2026-08-10 14:00:00,4.0,30.42,30.59,54.24,6.45,1020.16,0.0
2026-08-10 15:00:00,4.38,35.43,28.72,50.83,5.5,1020.51,0.0
2026-08-10 16:00:00,9.03,26.32,28.48,51.46,4.25,1018.44,0.0
2026-08-10 17:00:00,13.54,42.38,29.96,51.19,5.41,1018.6,0.0
2026-08-10 18:00:00,28.91,76.77,27.87,51.79,4.77,1018.24,0.0
2026-08-10 19:00:00,54.87,121.15,24.94,55.07,4.56,1019.06,0.0
2026-08-10 20:00:00,63.38,148.08,24.46,56.19,3.99,1019.62,0.0
2026-08-10 21:00:00,66.71,128.57,21.44,62.12,3.11,1020.04,0.0
2026-08-10 22:00:00,51.71,107.96,19.63,65.52,3.22,1019.19,0.0
2026-08-10 23:00:00,21.99,55.18,18.79,70.09,3.6,1018.99,0.0
2026-08-11 00:00:00,10.57,36.63,14.75,74.66,3.88,1019.37,0.0
2026-08-11 01:00:00,7.81,27.51,13.87,78.96,4.65,1018.58,0.0
2026-08-11 02:00:00,9.33,40.03,14.56,74.47,7.01,1020.92,0.0
2026-08-11 03:00:00,4.93,19.95,13.78,76.51,4.09,1017.96,0.0
2026-08-11 04:00:00,13.89,31.75,15.62,64.89,4.62,1019.4,0.0
2026-08-11 05:00:00,11.25,28.14,14.85,77.94,4.97,1020.87,0.0
2026-08-11 06:00:00,22.32,44.78,15.36,74.74,4.73,1019.26,0.0
2026-08-11 07:00:00,36.12,76.29,20.26,68.52,3.09,1019.1,0.0
2026-08-11 08:00:00,30.65,87.0,19.92,53.56,5.78,1018.96,0.0
2026-08-11 09:00:00,33.05,87.54,22.08,69.61,5.75,1019.11,0.0
2026-08-11 10:00:00,25.89,67.55,22.1,60.66,4.58,1020.35,0.0
2026-08-11 11:00:00,20.08,55.71,26.07,58.51,3.98,1015.22,0.0
2026-08-11 12:00:00,12.42,32.38,28.3,45.9,4.9,1018.22,0.0
2026-08-11 13:00:00,18.17,55.74,27.9,53.23,3.94,1015.85,0.0
2026-08-11 14:00:00,4.0,31.55,30.43,42.01,7.27,1016.78,0.0
2026-08-11 15:00:00,4.0,19.76,29.5,45.4,4.44,1016.65,0.0
2026-08-11 16:00:00,8.24,27.45,29.63,55.32,4.6,1017.46,0.0
2026-08-11 17:00:00,12.1,36.72,28.56,48.83,6.75,1015.71,0.0
2026-08-11 18:00:00,24.88,68.78,30.39,47.17,6.23,1017.36,0.0
2026-08-11 19:00:00,47.41,96.87,26.7,56.42,4.52,1018.61,0.0
2026-08-11 20:00:00,37.22,110.55,23.76,60.21,6.42,1015.9,0.0
2026-08-11 21:00:00,72.27,128.31,24.21,58.02,3.08,1017.14,0.0
2026-08-11 22:00:00,37.14,83.74,19.94,66.57,4.21,1016.46,0.0
2026-08-11 23:00:00,29.0,54.03,19.97,74.67,3.08,1017.33,0.0
2026-08-12 00:00:00,4.88,19.86,15.92,72.11,5.32,1017.01,0.0
2026-08-12 01:00:00,9.93,28.33,15.56,73.8,5.26,1016.48,0.0
2026-08-12 02:00:00,15.14,54.34,16.69,75.16,6.6,1017.38,0.0
2026-08-12 03:00:00,12.47,25.94,17.11,74.62,3.83,1018.43,0.0
2026-08-12 04:00:00,7.06,37.49,16.66,75.76,7.36,1016.84,0.0
2026-08-12 05:00:00,10.56,35.47,17.02,72.92,3.04,1017.57,0.0
2026-08-12 06:00:00,21.95,39.02,17.91,64.19,3.78,1015.96,0.0
2026-08-12 07:00:00,45.0,88.92,17.95,75.22,3.05,1016.23,0.0
2026-08-12 08:00:00,46.78,115.24,20.54,59.44,4.05,1017.37,0.0
2026-08-12 09:00:00,54.32,108.72,22.67,61.4,3.41,1018.18,0.0
2026-08-12 10:00:00,26.96,78.18,26.3,50.64,5.93,1017.28,0.0
2026-08-12 11:00:00,11.43,37.56,28.14,50.09,5.24,1011.66,0.0
2026-08-12 12:00:00,16.35,39.29,27.06,53.61,4.03,1011.91,0.0
2026-08-12 13:00:00,4.0,24.79,30.68,47.06,6.05,1010.91,0.0
2026-08-12 14:00:00,8.68,36.7,30.53,47.73,7.44,1012.4,0.0
2026-08-12 15:00:00,14.46,34.15,30.42,52.7,5.68,1012.62,0.0
2026-08-12 16:00:00,16.22,38.03,31.72,45.72,3.9,1011.55,0.0
2026-08-12 17:00:00,7.54,33.04,31.53,43.27,4.53,1011.54,0.0
2026-08-12 18:00:00,22.26,63.89,30.3,50.32,5.3,1012.13,0.0
2026-08-12 19:00:00,51.32,116.66,26.72,57.66,3.91,1011.57,0.0
2026-08-12 20:00:00,81.88,160.47,25.67,49.88,3.03,1011.86,0.0
2026-08-12 21:00:00,32.21,92.34,24.63,59.06,5.55,1013.59,0.0
2026-08-12 22:00:00,43.89,93.28,23.59,61.34,3.56,1011.72,0.0
2026-08-12 23:00:00,8.84,27.11,20.15,63.54,6.24,1011.63,0.0
2026-08-13 00:00:00,10.94,25.98,19.06,72.19,3.37,1011.4,0.0
2026-08-13 01:00:00,8.51,20.34,16.84,70.09,3.51,1012.51,0.0
2026-08-13 02:00:00,22.07,40.84,16.03,72.65,3.31,1011.77,0.0
2026-08-13 03:00:00,10.69,26.59,18.2,67.55,3.67,1011.4,0.0
2026-08-13 04:00:00,14.94,41.3,19.1,66.68,4.36,1012.97,0.0
2026-08-13 05:00:00,18.17,36.59,18.08,64.07,3.06,1013.05,0.0
2026-08-13 06:00:00,28.77,60.88,20.48,58.38,2.96,1011.43,0.0
2026-08-13 07:00:00,40.97,86.06,21.16,69.29,2.74,1010.42,0.0
2026-08-13 08:00:00,71.37,136.82,21.64,58.66,2.71,1012.72,0.0
2026-08-13 09:00:00,59.93,122.73,24.66,52.65,3.18,1011.37,0.0
2026-08-13 10:00:00,32.13,79.86,27.89,42.18,3.96,1012.55,0.0
2026-08-13 11:00:00,11.05,37.16,28.31,47.49,4.87,1006.27,0.0
2026-08-13 12:00:00,6.25,30.16,31.68,38.68,5.33,1008.56,0.0
2026-08-13 13:00:00,10.22,39.63,27.77,57.58,5.13,1006.88,0.0
2026-08-13 14:00:00,6.66,33.51,32.6,46.36,7.16,1008.43,0.0
2026-08-13 15:00:00,6.36,20.63,31.96,40.72,7.87,1007.86,0.0
2026-08-13 16:00:00,6.69,27.99,31.26,53.74,4.6,1007.08,0.0
2026-08-13 17:00:00,26.93,55.8,31.03,49.07,3.91,1007.52,0.0
2026-08-13 18:00:00,17.28,72.24,27.42,50.34,8.15,1008.39,0.0
2026-08-13 19:00:00,36.61,98.29,28.09,40.44,5.79,1007.93,0.0
2026-08-13 20:00:00,45.99,110.63,27.09,61.4,5.33,1008.31,0.0
2026-08-13 21:00:00,69.14,144.31,26.63,47.51,3.33,1009.43,0.0
2026-08-13 22:00:00,34.87,82.12,22.42,54.06,4.94,1006.59,0.0
2026-08-13 23:00:00,22.44,42.39,20.38,68.41,3.98,1009.14,0.0
2026-08-14 00:00:00,13.84,39.7,19.3,76.02,3.76,1007.93,0.0
2026-08-14 01:00:00,10.19,26.43,19.89,70.74,3.76,1007.13,0.0
2026-08-14 02:00:00,12.0,41.67,18.49,69.97,4.43,1006.78,0.0
2026-08-14 03:00:00,19.35,47.34,17.22,72.38,6.04,1007.69,0.0
2026-08-14 04:00:00,9.01,44.67,18.71,70.74,7.82,1008.58,0.0
2026-08-14 05:00:00,17.45,42.66,18.91,70.0,3.46,1007.74,0.0
2026-08-14 06:00:00,18.63,52.05,21.07,64.2,4.05,1009.05,0.0
2026-08-14 07:00:00,16.17,18.17,20.51,64.5,3.73,1006.68,3.43
2026-08-14 08:00:00,53.76,119.9,22.65,59.98,4.34,1007.83,0.0
2026-08-14 09:00:00,53.04,105.41,24.38,54.1,3.93,1006.84,0.0
2026-08-14 10:00:00,35.44,78.8,24.91,55.04,3.85,1008.14,0.0
2026-08-14 11:00:00,14.26,31.1,28.84,42.32,4.31,1008.55,0.0
2026-08-14 12:00:00,11.54,26.12,30.25,46.16,4.38,1007.51,0.0
2026-08-14 13:00:00,4.2,16.7,31.05,41.16,4.85,1005.76,0.0
2026-08-14 14:00:00,4.13,24.19,31.46,39.96,4.09,1008.0,0.0
2026-08-14 15:00:00,4.0,20.22,30.29,47.2,4.51,1008.19,0.0
2026-08-14 16:00:00,10.62,34.32,31.24,50.34,5.36,1008.17,0.0
2026-08-14 17:00:00,7.96,31.81,30.63,49.54,5.16,1008.83,0.0
2026-08-14 18:00:00,25.74,73.41,28.97,42.57,4.71,1006.99,0.0
2026-08-14 19:00:00,34.48,93.41,28.29,46.12,6.15,1008.39,0.0
2026-08-14 20:00:00,60.42,135.98,27.28,55.66,4.38,1008.8,0.0
2026-08-14 21:00:00,34.32,88.86,27.25,48.02,5.76,1006.42,0.0
2026-08-14 22:00:00,31.25,89.22,23.38,58.02,7.83,1008.1,0.0
2026-08-14 23:00:00,23.98,64.64,21.79,63.98,4.98,1007.44,0.0
2026-08-15 00:00:00,6.85,20.14,19.94,61.23,2.9,1007.78,0.0
2026-08-15 01:00:00,13.57,30.04,16.62,71.51,4.16,1008.12,0.0
2026-08-15 02:00:00,7.58,16.75,18.19,62.92,3.98,1007.45,0.0
2026-08-15 03:00:00,4.0,18.08,18.06,66.09,6.24,1007.3,0.0
2026-08-15 04:00:00,8.28,17.83,21.18,64.16,3.72,1007.87,0.0
2026-08-15 05:00:00,12.3,24.37,18.69,60.99,3.16,1006.97,0.0
2026-08-15 06:00:00,15.99,40.3,20.4,66.04,3.4,1006.98,0.0
2026-08-15 07:00:00,25.24,56.53,21.44,62.33,2.91,1008.39,0.0
2026-08-15 08:00:00,16.96,73.68,21.77,64.02,7.28,1006.93,0.0
2026-08-15 09:00:00,33.37,76.09,26.35,54.47,4.16,1008.38,0.0
2026-08-15 10:00:00,23.71,53.18,27.7,56.6,3.55,1008.21,0.0
2026-08-15 11:00:00,9.25,42.69,29.05,49.21,7.31,1010.53,0.0
2026-08-15 12:00:00,4.69,17.01,28.46,48.05,7.95,1011.37,0.0
2026-08-15 13:00:00,5.6,14.59,32.34,43.28,5.18,1012.87,0.0
2026-08-15 14:00:00,9.13,30.47,29.68,49.75,4.07,1011.13,0.0
2026-08-15 15:00:00,12.39,31.59,32.3,43.06,4.58,1011.54,0.0
2026-08-15 16:00:00,13.54,34.32,33.99,39.98,4.66,1012.28,0.0
2026-08-15 17:00:00,16.74,37.17,29.47,45.15,4.74,1012.54,0.0
2026-08-15 18:00:00,28.75,65.61,28.87,46.38,3.61,1011.71,0.0
2026-08-15 19:00:00,36.67,82.43,28.22,44.59,5.43,1011.44,0.0
2026-08-15 20:00:00,63.02,125.74,25.81,61.54,2.63,1013.05,0.0
2026-08-15 21:00:00,28.84,68.14,22.74,55.09,5.41,1013.31,0.0
2026-08-15 22:00:00,31.83,72.75,22.87,57.06,5.84,1012.7,0.0
2026-08-15 23:00:00,6.72,36.66,19.82,62.45,3.49,1011.98,0.0
2026-08-16 00:00:00,8.33,22.02,20.22,68.18,3.77,1011.27,0.0
2026-08-16 01:00:00,11.63,34.06,17.43,68.45,6.12,1011.25,0.0
2026-08-16 02:00:00,12.13,31.15,19.7,70.53,4.64,1012.33,0.0
2026-08-16 03:00:00,21.43,45.37,16.66,68.32,3.52,1012.25,0.0
2026-08-16 04:00:00,10.25,30.07,17.45,70.71,3.62,1013.04,0.0
2026-08-16 05:00:00,7.21,26.28,19.51,62.54,4.43,1012.44,0.0
2026-08-16 06:00:00,7.79,35.05,18.17,76.87,7.0,1010.71,0.0
2026-08-16 07:00:00,25.28,57.44,21.37,57.78,3.65,1012.76,0.0
2026-08-16 08:00:00,45.44,96.17,24.35,58.41,3.5,1011.12,0.0
2026-08-16 09:00:00,39.89,87.2,22.67,62.73,4.19,1011.61,0.0
2026-08-16 10:00:00,19.58,40.66,26.63,54.72,4.49,1012.12,0.0
2026-08-16 11:00:00,4.0,6.0,27.58,50.61,5.04,1018.59,9.88
2026-08-16 12:00:00,4.0,24.97,29.65,47.11,4.81,1019.48,0.0
2026-08-16 13:00:00,4.0,18.45,28.34,50.16,6.69,1017.48,0.0
2026-08-16 14:00:00,10.84,31.06,28.94,48.32,4.32,1016.84,0.0
2026-08-16 15:00:00,12.3,26.55,31.39,48.35,5.49,1017.42,0.0
2026-08-16 16:00:00,4.0,19.29,30.88,54.26,5.43,1017.7,0.0
2026-08-16 17:00:00,13.51,27.31,30.13,44.54,4.02,1016.73,0.0
2026-08-16 18:00:00,17.74,49.68,29.13,43.09,4.92,1018.43,0.0
2026-08-16 19:00:00,34.82,73.38,26.45,53.04,4.73,1017.17,0.0
2026-08-16 20:00:00,60.7,123.89,25.85,64.79,2.56,1017.39,0.0
2026-08-16 21:00:00,36.78,86.32,24.12,54.37,3.06,1017.52,0.0
2026-08-16 22:00:00,24.72,58.92,21.09,69.59,6.32,1017.33,0.0
2026-08-16 23:00:00,18.47,43.31,22.5,67.21,3.32,1017.66,0.0
2026-08-17 00:00:00,15.54,30.1,19.38,63.9,2.95,1016.5,0.0
2026-08-17 01:00:00,19.68,44.31,16.27,73.99,2.7,1016.54,0.0
2026-08-17 02:00:00,17.7,34.75,17.79,75.49,3.02,1016.11,0.0
2026-08-17 03:00:00,15.47,41.72,15.59,71.42,3.73,1017.34,0.0
2026-08-17 04:00:00,5.89,11.11,17.95,67.88,2.92,1017.61,0.6
2026-08-17 05:00:00,14.98,32.89,19.09,64.31,4.66,1017.36,0.0
2026-08-17 06:00:00,18.59,37.54,17.83,64.85,3.16,1018.33,0.0
2026-08-17 07:00:00,33.48,78.53,21.42,59.85,4.21,1016.99,0.0
2026-08-17 08:00:00,38.77,101.45,22.45,55.69,5.96,1017.53,0.0
2026-08-17 09:00:00,26.72,81.5,24.75,56.59,6.13,1016.12,0.0
2026-08-17 10:00:00,28.25,67.41,27.85,47.79,4.78,1016.68,0.0
2026-08-17 11:00:00,21.78,38.76,25.83,55.44,3.83,1019.81,0.0
2026-08-17 12:00:00,6.91,27.04,26.67,46.77,4.84,1019.93,0.0
2026-08-17 13:00:00,10.28,37.37,27.62,52.61,5.38,1019.01,0.0
2026-08-17 14:00:00,4.0,48.38,28.41,53.2,9.67,1019.19,0.0
2026-08-17 15:00:00,14.96,34.09,29.53,39.87,3.85,1018.04,0.0
2026-08-17 16:00:00,9.76,27.66,29.79,48.87,4.84,1018.96,0.0
2026-08-17 17:00:00,12.29,42.15,29.02,53.67,5.46,1019.96,0.0
2026-08-17 18:00:00,33.24,76.68,28.57,44.74,4.56,1019.71,0.0
2026-08-17 19:00:00,54.95,128.92,26.14,60.64,4.4,1019.65,0.0
2026-08-17 20:00:00,76.17,151.43,26.18,55.55,3.19,1019.29,0.0
2026-08-17 21:00:00,48.59,111.43,22.31,58.02,5.09,1019.26,0.0
2026-08-17 22:00:00,37.84,89.13,24.08,57.43,3.89,1018.72,0.0
2026-08-17 23:00:00,26.63,61.27,19.87,67.47,4.08,1019.81,0.0
2026-08-18 00:00:00,9.22,37.67,16.65,71.33,5.28,1019.59,0.0
2026-08-18 01:00:00,10.45,26.19,15.28,75.65,3.55,1019.64,0.0
2026-08-18 02:00:00,4.0,31.12,16.44,67.73,5.7,1018.83,0.0
2026-08-18 03:00:00,19.44,35.13,15.36,74.03,2.9,1017.53,0.0
2026-08-18 04:00:00,16.3,30.26,16.72,65.25,4.15,1020.13,0.0
2026-08-18 05:00:00,23.64,56.72,17.13,69.72,3.16,1018.87,0.0
2026-08-18 06:00:00,33.64,67.23,17.59,65.72,3.01,1018.56,0.0
2026-08-18 07:00:00,15.48,60.99,18.11,65.46,6.96,1019.8,0.0
2026-08-18 08:00:00,69.36,139.46,18.99,71.76,2.93,1018.94,0.0
2026-08-18 09:00:00,52.46,115.47,22.09,65.6,4.22,1020.1,0.0
2026-08-18 10:00:00,34.26,68.97,25.46,57.61,3.49,1019.74,0.0
2026-08-18 11:00:00,10.78,39.09,25.13,51.4,6.42,1017.54,0.0
2026-08-18 12:00:00,5.34,31.8,24.83,55.04,4.5,1015.9,0.0
2026-08-18 13:00:00,12.81,39.21,27.65,56.08,6.43,1017.96,0.0
2026-08-18 14:00:00,4.0,27.79,28.6,50.09,5.76,1017.2,0.0
2026-08-18 15:00:00,8.22,41.6,27.32,61.1,9.07,1016.7,0.0
2026-08-18 16:00:00,9.13,22.42,28.32,51.6,3.85,1017.11,0.0
2026-08-18 17:00:00,13.2,43.37,27.51,52.25,3.91,1015.57,0.0
2026-08-18 18:00:00,14.82,50.44,24.95,54.85,5.77,1017.32,0.0
2026-08-18 19:00:00,45.07,104.66,25.31,55.98,4.52,1016.17,0.0
2026-08-18 20:00:00,60.73,145.86,23.86,57.44,3.61,1015.91,0.0
2026-08-18 21:00:00,31.07,94.15,22.68,63.01,7.27,1015.77,0.0
2026-08-18 22:00:00,53.42,104.06,20.83,67.33,3.83,1017.88,0.0
2026-08-18 23:00:00,30.31,63.53,16.22,68.66,3.18,1016.49,0.0
2026-08-19 00:00:00,18.78,45.77,15.3,68.14,5.29,1018.22,0.0
2026-08-19 01:00:00,8.55,36.68,15.93,64.98,3.87,1016.56,0.0
2026-08-19 02:00:00,6.98,24.55,15.23,75.62,3.95,1015.63,0.0
2026-08-19 03:00:00,6.33,38.16,14.99,69.6,4.68,1016.1,0.0
2026-08-19 04:00:00,10.66,24.06,19.24,57.76,4.75,1017.98,0.0
2026-08-19 05:00:00,30.4,59.09,16.0,73.75,3.05,1016.87,0.0
2026-08-19 06:00:00,17.02,38.06,17.79,78.95,3.56,1016.55,0.0
2026-08-19 07:00:00,44.86,89.01,19.02,66.74,2.86,1017.12,0.0
2026-08-19 08:00:00,42.93,97.92,20.35,67.72,4.23,1017.39,0.0
2026-08-19 09:00:00,28.06,80.02,21.0,63.53,7.22,1017.88,0.0
2026-08-19 10:00:00,28.24,78.38,24.1,57.22,3.67,1018.15,0.0
2026-08-19 11:00:00,21.76,58.69,22.81,63.62,3.64,1011.63,0.0
2026-08-19 12:00:00,9.7,32.41,24.9,55.02,4.32,1010.85,0.0
2026-08-19 13:00:00,12.99,32.63,25.72,55.77,4.76,1011.58,0.0
2026-08-19 14:00:00,4.0,6.0,27.1,53.51,5.96,1012.12,5.66
2026-08-19 15:00:00,4.0,25.9,30.01,44.31,4.67,1011.14,0.0
2026-08-19 16:00:00,13.81,40.72,24.76,60.4,5.29,1011.15,0.0
2026-08-19 17:00:00,7.89,29.83,27.12,51.48,4.23,1012.19,0.0
2026-08-19 18:00:00,22.28,63.79,23.25,56.13,4.25,1011.88,0.0
2026-08-19 19:00:00,54.09,123.23,23.17,61.44,3.47,1011.94,0.0
2026-08-19 20:00:00,74.38,152.12,23.36,55.36,2.98,1011.31,0.0
2026-08-19 21:00:00,49.73,109.38,20.31,64.55,4.82,1011.73,0.0
2026-08-19 22:00:00,49.18,92.53,17.13,70.13,3.44,1011.18,0.0
2026-08-19 23:00:00,27.93,63.53,15.88,76.76,4.35,1012.63,0.0
2026-08-20 00:00:00,12.98,44.85,16.1,73.92,3.15,1012.74,0.0
2026-08-20 01:00:00,14.49,29.04,13.3,76.96,3.84,1010.44,0.0
2026-08-20 02:00:00,20.25,48.57,13.73,79.56,2.63,1011.17,0.0
2026-08-20 03:00:00,17.35,35.32,13.29,82.64,3.49,1010.72,0.0
2026-08-20 04:00:00,13.4,29.85,12.69,80.39,3.21,1011.39,0.0
2026-08-20 05:00:00,9.07,37.06,16.75,70.89,5.48,1011.85,0.0
2026-08-20 06:00:00,27.83,56.43,16.05,66.86,2.91,1010.76,0.0
2026-08-20 07:00:00,26.3,66.53,14.31,70.98,3.69,1011.18,0.0
2026-08-20 08:00:00,45.9,106.69,18.65,66.21,4.21,1011.11,0.0
2026-08-20 09:00:00,34.54,86.53,19.44,63.57,5.51,1012.08,0.0
2026-08-20 10:00:00,25.98,74.01,23.07,58.73,5.55,1011.97,0.0
2026-08-20 11:00:00,14.8,41.16,21.95,61.72,4.62,1007.27,0.0
2026-08-20 12:00:00,14.77,30.9,24.21,59.54,4.95,1007.99,0.0
2026-08-20 13:00:00,6.28,23.85,26.07,53.79,6.64,1007.41,0.0
2026-08-20 14:00:00,5.21,13.08,27.2,53.99,4.95,1007.63,0.0
2026-08-20 15:00:00,7.91,28.97,24.96,56.33,5.19,1009.18,0.0
2026-08-20 16:00:00,10.51,44.49,25.76,46.73,6.59,1008.92,0.0
2026-08-20 17:00:00,4.0,29.43,24.89,52.44,9.25,1006.8,0.0
2026-08-20 18:00:00,24.66,68.8,23.57,58.0,4.73,1008.51,0.0
2026-08-20 19:00:00,40.73,102.62,25.02,51.13,4.77,1008.49,0.0
2026-08-20 20:00:00,52.41,118.7,21.7,64.34,4.9,1006.93,0.0
2026-08-20 21:00:00,40.7,110.88,17.89,74.92,5.53,1008.5,0.0
2026-08-20 22:00:00,34.69,80.35,18.69,72.23,5.25,1009.07,0.0
2026-08-20 23:00:00,17.11,55.07,18.45,66.94,3.33,1006.95,0.0
2026-08-21 00:00:00,4.6,12.13,15.69,78.72,4.21,1007.11,0.0
2026-08-21 01:00:00,8.77,28.35,11.52,80.86,5.26,1008.66,0.0
2026-08-21 02:00:00,6.51,27.12,12.06,77.94,5.97,1008.06,0.0
2026-08-21 03:00:00,13.57,33.71,13.92,73.49,3.69,1008.29,0.0
2026-08-21 04:00:00,4.0,6.0,11.79,78.57,4.18,1008.12,6.04
2026-08-21 05:00:00,20.25,66.73,13.87,74.48,4.32,1008.16,0.0
2026-08-21 06:00:00,12.44,38.95,15.38,74.0,3.87,1006.78,0.0
2026-08-21 07:00:00,31.76,74.66,14.79,75.02,4.15,1008.68,0.0
2026-08-21 08:00:00,22.67,50.3,17.52,69.48,10.77,1008.78,1.07
2026-08-21 09:00:00,51.92,102.78,15.51,74.83,3.97,1007.66,0.0
2026-08-21 10:00:00,32.81,83.56,19.98,69.8,4.33,1007.81,0.0
2026-08-21 11:00:00,22.16,47.41,22.21,64.82,3.6,1006.62,0.0
2026-08-21 12:00:00,8.51,42.52,22.47,54.61,3.75,1008.26,0.0
2026-08-21 13:00:00,4.0,28.53,27.04,42.11,5.57,1008.3,0.0
2026-08-21 14:00:00,4.0,27.31,24.06,61.43,6.47,1007.79,0.0
2026-08-21 15:00:00,4.98,28.46,25.49,49.65,6.09,1008.74,0.0
2026-08-21 16:00:00,7.46,29.08,25.93,53.43,4.19,1007.58,0.0
2026-08-21 17:00:00,18.2,45.7,26.81,48.06,5.68,1008.3,0.0
2026-08-21 18:00:00,29.02,60.62,22.24,53.76,4.31,1007.03,0.0
2026-08-21 19:00:00,49.11,107.59,23.91,60.13,3.8,1007.83,0.0
2026-08-21 20:00:00,75.66,154.68,20.84,66.52,2.87,1007.7,0.0
2026-08-21 21:00:00,71.08,139.79,17.84,66.58,3.22,1008.02,0.0
2026-08-21 22:00:00,39.66,80.21,17.76,58.67,4.45,1007.55,0.0
2026-08-21 23:00:00,19.56,44.21,15.76,70.45,4.19,1007.74,0.0
2026-08-22 00:00:00,9.36,32.9,13.35,78.54,4.01,1008.51,0.0
2026-08-22 01:00:00,21.3,46.61,13.04,71.61,2.61,1007.49,0.0
2026-08-22 02:00:00,7.01,24.12,11.79,80.51,4.03,1006.56,0.0
2026-08-22 03:00:00,13.49,35.1,12.15,79.07,3.32,1009.24,0.0
2026-08-22 04:00:00,13.9,27.4,13.05,79.83,4.2,1008.95,0.0
2026-08-22 05:00:00,4.0,17.54,14.86,74.73,5.59,1006.81,0.0
2026-08-22 06:00:00,14.89,38.36,12.58,74.46,3.42,1008.4,0.0
2026-08-22 07:00:00,27.06,55.89,18.08,73.24,3.94,1007.44,0.0
2026-08-22 08:00:00,17.2,60.7,14.86,73.62,7.25,1008.05,0.0
2026-08-22 09:00:00,32.69,70.32,18.83,67.0,4.45,1008.08,0.0
2026-08-22 10:00:00,16.74,37.06,21.53,58.51,4.41,1007.66,0.0
2026-08-22 11:00:00,9.43,33.75,22.98,57.86,4.01,1011.29,0.0
2026-08-22 12:00:00,4.0,29.2,23.35,55.43,5.92,1011.36,0.0
2026-08-22 13:00:00,9.18,23.14,24.96,55.38,4.22,1011.18,0.0
2026-08-22 14:00:00,4.91,17.0,25.32,62.27,6.88,1011.25,0.0
2026-08-22 15:00:00,5.28,13.18,25.44,49.72,5.8,1011.86,0.0
2026-08-22 16:00:00,18.66,53.72,26.93,46.07,4.38,1011.34,0.0
2026-08-22 17:00:00,20.22,47.29,25.64,60.73,4.03,1012.46,0.0
2026-08-22 18:00:00,14.87,39.4,23.27,58.28,3.79,1013.1,0.0
2026-08-22 19:00:00,43.97,91.1,23.73,55.61,3.02,1011.45,0.0
2026-08-22 20:00:00,50.08,97.62,21.33,66.77,4.38,1012.11,0.0
2026-08-22 21:00:00,49.1,104.1,20.12,62.36,2.63,1012.31,0.0
2026-08-22 22:00:00,41.81,96.72,18.09,75.74,3.75,1012.29,0.0
2026-08-22 23:00:00,16.21,34.94,14.65,77.34,3.68,1011.98,0.0
2026-08-23 00:00:00,8.82,39.08,13.52,74.71,3.52,1012.51,0.0
2026-08-23 01:00:00,12.04,30.94,13.98,84.47,4.37,1012.3,0.0
2026-08-23 02:00:00,9.93,36.1,13.12,74.96,3.34,1010.92,0.0
2026-08-23 03:00:00,4.0,6.0,12.12,82.15,4.03,1012.61,4.96
2026-08-23 04:00:00,13.6,38.82,12.53,79.64,5.68,1012.62,0.0
2026-08-23 05:00:00,12.38,44.04,14.62,79.89,4.53,1011.3,0.0
2026-08-23 06:00:00,18.27,46.5,13.49,82.96,3.45,1011.95,0.0
2026-08-23 07:00:00,30.33,69.02,16.3,71.79,3.84,1012.46,0.0
2026-08-23 08:00:00,41.9,78.48,17.09,67.22,3.52,1011.75,0.0
2026-08-23 09:00:00,30.76,64.83,18.89,68.84,3.98,1012.77,0.0
2026-08-23 10:00:00,28.09,67.85,22.28,58.19,4.66,1013.81,0.0
2026-08-23 11:00:00,15.17,46.36,24.26,65.39,3.7,1016.36,0.0
2026-08-23 12:00:00,6.79,23.49,25.7,55.29,3.81,1015.89,0.0
2026-08-23 13:00:00,4.0,15.45,27.4,50.22,4.27,1017.23,0.0
2026-08-23 14:00:00,4.0,11.2,26.56,53.93,5.64,1017.57,0.0
2026-08-23 15:00:00,12.5,30.9,27.59,45.95,5.79,1016.81,0.0
2026-08-23 16:00:00,13.45,38.73,26.16,50.03,5.9,1018.15,0.0
2026-08-23 17:00:00,12.91,30.04,26.22,58.61,3.98,1015.92,0.0
2026-08-23 18:00:00,12.28,34.9,24.56,54.16,4.54,1017.55,0.0
2026-08-23 19:00:00,32.82,77.39,23.39,54.71,3.79,1016.51,0.0
2026-08-23 20:00:00,38.08,97.72,22.3,63.01,3.71,1018.37,0.0
2026-08-23 21:00:00,33.39,81.96,18.79,71.92,3.46,1018.58,0.0
2026-08-23 22:00:00,38.88,82.73,20.47,67.03,4.13,1016.38,0.0
2026-08-23 23:00:00,29.48,60.39,15.06,77.88,3.25,1016.55,0.0
2026-08-24 00:00:00,4.49,27.06,13.36,73.92,5.45,1017.68,0.0
2026-08-24 01:00:00,9.47,30.83,15.1,68.13,5.46,1016.68,0.0
2026-08-24 02:00:00,5.81,21.0,13.96,81.88,4.39,1016.95,0.0
2026-08-24 03:00:00,9.85,35.98,13.52,75.37,5.22,1017.01,0.0
2026-08-24 04:00:00,24.59,47.88,13.76,75.23,2.84,1015.46,0.0
2026-08-24 05:00:00,15.48,34.55,13.69,81.67,5.56,1016.98,0.0
2026-08-24 06:00:00,24.49,64.44,13.74,78.49,4.27,1016.44,0.0
2026-08-24 07:00:00,36.43,68.64,16.36,73.38,3.29,1016.6,0.0
2026-08-24 08:00:00,64.12,140.51,17.15,78.79,3.23,1018.15,0.0
2026-08-24 09:00:00,33.65,94.61,20.94,60.73,6.59,1015.99,0.0
2026-08-24 10:00:00,25.46,61.86,21.41,66.17,5.48,1017.64,0.0
2026-08-24 11:00:00,14.13,40.43,23.29,59.31,4.53,1019.03,0.0
2026-08-24 12:00:00,12.35,30.54,25.34,56.46,3.87,1019.03,0.0
2026-08-24 13:00:00,7.11,35.76,27.34,57.9,6.83,1019.88,0.0
2026-08-24 14:00:00,6.56,28.94,26.86,54.68,4.19,1019.52,0.0
2026-08-24 15:00:00,4.97,25.68,26.79,54.93,4.65,1019.71,0.0
2026-08-24 16:00:00,5.36,29.05,27.83,55.2,4.72,1020.02,0.0
2026-08-24 17:00:00,13.35,38.12,27.14,50.69,4.07,1018.98,0.0
2026-08-24 18:00:00,29.91,82.92,25.12,52.43,4.24,1018.76,0.0
2026-08-24 19:00:00,48.22,117.61,23.71,54.14,4.14,1018.38,0.0
2026-08-24 20:00:00,63.47,134.68,22.87,51.97,3.62,1018.59,0.0
2026-08-24 21:00:00,46.15,112.03,19.04,74.95,4.19,1021.61,0.0
2026-08-24 22:00:00,29.96,81.46,17.28,65.48,6.37,1020.25,0.0
2026-08-24 23:00:00,38.51,73.57,16.42,70.56,2.85,1018.17,0.0
2026-08-25 00:00:00,12.55,31.02,15.57,71.87,4.0,1018.19,0.0
2026-08-25 01:00:00,15.9,43.31,15.09,75.07,2.99,1019.64,0.0
2026-08-25 02:00:00,12.87,30.86,15.79,75.84,2.82,1019.69,0.0
2026-08-25 03:00:00,9.18,31.75,14.81,77.78,5.07,1019.69,0.0
2026-08-25 04:00:00,17.85,49.96,13.83,73.77,4.1,1019.05,0.0
2026-08-25 05:00:00,24.24,64.36,14.69,73.89,2.79,1019.15,0.0
2026-08-25 06:00:00,28.39,57.27,14.63,75.8,3.64,1019.51,0.0
2026-08-25 07:00:00,8.15,10.15,17.26,68.94,3.11,1019.32,5.74
2026-08-25 08:00:00,54.24,117.5,18.62,73.91,3.67,1017.47,0.0
2026-08-25 09:00:00,41.44,100.72,21.17,64.86,5.0,1019.07,0.0
2026-08-25 10:00:00,26.21,70.33,21.6,65.06,5.13,1018.57,0.0
2026-08-25 11:00:00,13.41,35.77,26.12,56.64,4.32,1017.13,0.41
2026-08-25 12:00:00,7.5,23.12,28.79,53.87,6.2,1019.38,0.0
2026-08-25 13:00:00,6.65,41.12,27.93,51.45,7.01,1017.28,0.0
2026-08-25 14:00:00,9.43,36.11,29.24,43.18,5.91,1016.74,0.0
2026-08-25 15:00:00,9.16,26.56,29.83,48.9,4.5,1017.73,0.0
2026-08-25 16:00:00,19.29,48.83,28.28,47.49,4.74,1017.38,0.0
2026-08-25 17:00:00,5.25,44.01,28.33,47.89,7.14,1017.33,0.0
2026-08-25 18:00:00,34.88,75.08,26.96,54.82,4.13,1017.48,0.0
2026-08-25 19:00:00,43.02,105.03,25.62,59.84,4.85,1018.64,0.0
2026-08-25 20:00:00,73.59,143.99,22.88,59.9,3.21,1016.09,0.0
2026-08-25 21:00:00,37.11,94.6,22.03,62.58,5.17,1017.37,0.0
2026-08-25 22:00:00,58.66,118.19,20.79,70.39,3.14,1016.25,0.0
2026-08-25 23:00:00,28.41,54.76,20.24,65.53,3.75,1017.44,0.0
2026-08-26 00:00:00,15.14,37.0,18.2,78.65,4.48,1016.26,0.0
2026-08-26 01:00:00,8.52,37.79,18.52,69.93,6.81,1016.66,0.0
2026-08-26 02:00:00,10.92,34.24,14.32,68.18,4.08,1016.75,0.0
2026-08-26 03:00:00,13.61,26.83,16.05,75.12,3.58,1017.77,0.0
2026-08-26 04:00:00,16.25,40.04,15.46,74.7,3.52,1017.73,0.0
2026-08-26 05:00:00,4.0,26.2,18.57,72.73,5.09,1015.99,0.0
2026-08-26 06:00:00,24.36,56.44,16.08,74.75,4.37,1017.03,0.0
2026-08-26 07:00:00,38.37,92.4,17.49,68.96,4.65,1016.42,0.0
2026-08-26 08:00:00,35.09,89.23,19.47,61.06,6.12,1015.98,0.0
2026-08-26 09:00:00,45.01,106.41,19.45,65.15,4.21,1016.82,0.0
2026-08-26 10:00:00,25.55,59.5,23.18,55.87,4.88,1016.74,0.0
2026-08-26 11:00:00,18.38,36.88,25.81,52.22,4.35,1013.86,0.0
2026-08-26 12:00:00,8.95,33.3,28.35,52.32,4.22,1012.26,0.0
2026-08-26 13:00:00,12.48,34.17,29.69,54.24,4.47,1010.81,0.0
2026-08-26 14:00:00,9.1,24.44,32.23,44.56,3.77,1011.46,0.0
2026-08-26 15:00:00,14.82,33.94,31.36,39.77,5.63,1012.73,0.0
2026-08-26 16:00:00,16.35,48.0,29.29,50.06,5.37,1013.59,0.0
2026-08-26 17:00:00,12.36,30.91,28.2,55.03,5.29,1010.65,0.0
2026-08-26 18:00:00,34.02,83.58,28.76,46.79,3.74,1010.41,0.0
2026-08-26 19:00:00,55.86,123.69,25.14,55.21,3.63,1013.41,0.0
2026-08-26 20:00:00,71.8,141.0,27.23,52.04,3.3,1012.23,0.0
2026-08-26 21:00:00,35.25,93.58,24.64,53.51,5.35,1011.22,0.0
2026-08-26 22:00:00,38.46,101.09,20.85,66.06,4.04,1012.34,0.0
2026-08-26 23:00:00,30.34,71.86,17.66,68.73,3.88,1009.81,0.0
2026-08-27 00:00:00,15.6,34.57,19.9,66.86,4.8,1011.92,0.0
2026-08-27 01:00:00,19.75,46.97,17.02,66.81,3.3,1012.18,0.0
2026-08-27 02:00:00,11.65,23.69,17.94,66.96,4.24,1012.65,0.0
2026-08-27 03:00:00,16.08,37.32,14.31,78.13,7.19,1011.1,0.0
2026-08-27 04:00:00,9.23,31.22,15.74,71.18,5.66,1011.98,0.0
2026-08-27 05:00:00,17.5,45.19,17.16,77.02,4.23,1011.17,0.0
2026-08-27 06:00:00,16.26,47.12,18.33,66.41,3.92,1012.12,0.0
2026-08-27 07:00:00,27.64,73.7,19.18,67.37,4.43,1011.2,0.0
2026-08-27 08:00:00,33.04,92.2,22.16,64.84,5.96,1011.59,0.0
2026-08-27 09:00:00,32.73,79.38,21.94,55.83,6.1,1011.12,0.0
2026-08-27 10:00:00,13.01,51.25,24.86,49.21,6.95,1012.44,0.0
2026-08-27 11:00:00,16.69,50.99,27.87,44.73,4.95,1008.53,0.0
2026-08-27 12:00:00,16.07,41.09,29.8,52.41,3.67,1007.66,0.0
2026-08-27 13:00:00,4.0,30.05,31.15,42.72,8.13,1007.87,0.0
2026-08-27 14:00:00,4.0,22.63,29.64,57.88,4.38,1006.69,0.0
2026-08-27 15:00:00,4.0,26.1,29.39,45.84,5.93,1007.6,0.0
2026-08-27 16:00:00,14.56,27.57,32.52,43.2,3.67,1007.8,0.0
2026-08-27 17:00:00,4.0,6.0,30.69,51.93,4.71,1009.94,4.58
2026-08-27 18:00:00,30.89,72.96,28.28,58.12,4.13,1006.95,0.0
2026-08-27 19:00:00,27.45,87.86,29.59,55.98,6.66,1009.02,0.0
2026-08-27 20:00:00,66.5,129.77,26.18,58.71,4.24,1008.64,0.0
2026-08-27 21:00:00,53.46,127.71,25.64,58.94,3.85,1008.07,0.0
2026-08-27 22:00:00,45.51,89.9,22.5,62.87,4.38,1009.25,0.0
2026-08-27 23:00:00,37.83,88.64,23.2,62.35,2.54,1008.14,0.0
2026-08-28 00:00:00,14.81,47.69,21.39,60.29,3.28,1008.16,0.0
2026-08-28 01:00:00,14.15,26.93,17.87,65.56,3.39,1007.8,0.0
2026-08-28 02:00:00,7.85,31.99,18.63,67.45,4.6,1008.82,0.0
2026-08-28 03:00:00,13.96,27.05,18.0,67.92,3.05,1008.72,0.0
2026-08-28 04:00:00,8.1,22.49,19.11,64.79,4.05,1007.34,0.0
2026-08-28 05:00:00,10.13,25.7,17.01,73.17,3.75,1006.79,0.0
2026-08-28 06:00:00,35.43,73.33,20.1,68.64,3.32,1007.68,0.0
2026-08-28 07:00:00,37.79,84.09,22.0,61.75,3.37,1007.2,0.0
2026-08-28 08:00:00,58.0,115.83,20.31,70.35,3.74,1007.79,0.0
2026-08-28 09:00:00,58.7,125.14,22.81,55.38,3.0,1008.83,0.0
2026-08-28 10:00:00,18.25,55.14,23.59,57.76,5.42,1007.48,0.0
2026-08-28 11:00:00,11.87,24.76,28.03,47.68,4.03,1007.81,0.0
2026-08-28 12:00:00,7.42,24.51,30.66,38.35,4.62,1007.89,0.0
2026-08-28 13:00:00,5.84,40.21,32.72,41.77,7.42,1008.52,0.0
2026-08-28 14:00:00,5.76,24.66,31.7,43.45,6.05,1006.05,0.0
2026-08-28 15:00:00,5.95,14.22,33.81,46.2,4.12,1007.36,0.0
2026-08-28 16:00:00,13.06,38.84,29.96,49.6,3.56,1008.01,0.0
2026-08-28 17:00:00,14.64,37.93,28.87,44.94,5.29,1008.8,0.0
2026-08-28 18:00:00,34.05,80.01,29.74,54.88,4.22,1007.45,0.0
2026-08-28 19:00:00,54.08,118.82,28.81,54.03,4.37,1006.34,0.0
2026-08-28 20:00:00,49.97,129.76,26.63,55.39,4.79,1008.34,0.0
2026-08-28 21:00:00,47.11,109.52,22.37,59.83,5.05,1007.34,0.0
2026-08-28 22:00:00,50.13,95.09,22.93,55.89,3.45,1006.89,0.0
2026-08-28 23:00:00,18.72,43.57,19.79,63.89,3.73,1007.34,0.0
2026-08-29 00:00:00,16.33,30.71,20.71,68.08,4.28,1007.7,0.0
2026-08-29 01:00:00,18.38,40.21,19.23,73.92,4.37,1007.36,0.0
2026-08-29 02:00:00,11.53,40.74,16.96,76.64,4.04,1006.08,0.0
2026-08-29 03:00:00,6.52,34.14,17.24,68.01,5.99,1008.56,0.0
2026-08-29 04:00:00,7.08,36.2,16.82,66.25,4.35,1008.86,0.0
2026-08-29 05:00:00,6.47,27.21,18.72,67.87,4.77,1008.37,0.0
2026-08-29 06:00:00,20.46,47.57,21.05,56.04,4.14,1006.93,0.0
2026-08-29 07:00:00,27.8,55.12,20.17,65.99,3.05,1007.68,0.0
2026-08-29 08:00:00,47.9,100.52,23.65,57.84,3.28,1007.84,0.0
2026-08-29 09:00:00,4.0,6.0,24.22,55.54,3.25,1008.32,9.49
2026-08-29 10:00:00,13.75,50.14,25.71,48.34,5.84,1008.38,0.0
2026-08-29 11:00:00,9.75,22.28,28.36,52.01,3.64,1011.33,0.0
2026-08-29 12:00:00,4.0,20.74,28.69,47.23,4.73,1011.98,0.0
2026-08-29 13:00:00,8.1,17.56,30.38,41.64,4.65,1012.28,0.0
2026-08-29 14:00:00,4.0,21.88,30.31,34.95,4.67,1013.08,0.0
2026-08-29 15:00:00,4.0,24.08,34.34,39.08,4.7,1012.48,0.0
2026-08-29 16:00:00,10.76,27.5,31.79,50.87,7.47,1012.55,0.0
2026-08-29 17:00:00,9.67,21.11,30.21,53.27,3.52,1011.98,0.0
2026-08-29 18:00:00,18.89,47.03,30.19,44.83,6.3,1013.04,0.0
2026-08-29 19:00:00,27.24,68.29,28.35,47.56,3.93,1012.24,0.0
2026-08-29 20:00:00,41.72,88.97,26.53,55.12,4.93,1011.23,0.0
2026-08-29 21:00:00,30.89,83.26,25.72,50.71,3.92,1013.04,0.0
2026-08-29 22:00:00,35.53,75.93,24.08,58.86,2.99,1012.47,0.0
2026-08-29 23:00:00,14.9,46.08,20.85,66.53,5.9,1011.56,0.0
2026-08-30 00:00:00,7.77,18.1,19.34,71.1,5.56,1011.53,0.0
2026-08-30 01:00:00,15.27,41.45,18.59,67.14,3.03,1012.15,0.0
2026-08-30 02:00:00,4.0,23.47,15.46,72.36,4.55,1012.29,0.0
2026-08-30 03:00:00,9.13,20.7,16.17,68.38,3.31,1012.07,0.0
2026-08-30 04:00:00,9.38,19.54,19.86,61.94,2.81,1012.16,0.0
2026-08-30 05:00:00,7.26,21.61,20.9,62.47,3.18,1013.27,0.0
2026-08-30 06:00:00,13.79,37.17,19.73,66.96,5.77,1012.77,0.0
2026-08-30 07:00:00,22.34,54.32,22.18,64.73,4.97,1012.07,0.0
2026-08-30 08:00:00,36.16,77.06,23.55,55.4,3.55,1012.67,0.0
2026-08-30 09:00:00,30.01,81.68,28.68,55.35,6.09,1011.09,0.0
2026-08-30 10:00:00,11.69,27.03,28.14,49.26,6.0,1012.23,0.0
2026-08-30 11:00:00,18.13,51.44,27.94,50.62,4.03,1018.44,0.0
2026-08-30 12:00:00,6.98,36.82,28.4,46.89,7.36,1016.82,0.0
2026-08-30 13:00:00,4.0,21.08,28.73,39.59,4.64,1016.31,0.0
2026-08-30 14:00:00,14.49,35.53,31.6,47.66,4.8,1016.47,0.0
2026-08-30 15:00:00,5.03,26.23,30.69,48.71,3.84,1016.12,0.0
2026-08-30 16:00:00,12.86,33.34,29.65,46.5,4.34,1016.36,0.0
2026-08-30 17:00:00,11.77,33.0,29.88,47.48,4.55,1016.69,0.0
2026-08-30 18:00:00,21.01,61.58,28.25,52.21,4.78,1015.87,0.0
2026-08-30 19:00:00,46.63,110.59,30.12,40.53,3.3,1017.0,0.0
2026-08-30 20:00:00,55.32,108.82,27.47,49.44,3.21,1017.71,0.0
2026-08-30 21:00:00,21.98,69.14,24.59,59.92,6.38,1016.26,0.0
2026-08-30 22:00:00,26.27,57.46,24.56,51.77,5.27,1018.21,0.0
2026-08-30 23:00:00,8.62,18.69,21.19,64.03,5.63,1017.4,1.58
2026-08-31 00:00:00,14.21,30.47,18.61,62.08,3.78,1017.82,0.0
2026-08-31 01:00:00,11.12,38.57,20.36,66.22,4.21,1016.46,0.0
2026-08-31 02:00:00,12.11,33.05,18.48,67.59,4.58,1017.67,0.0
2026-08-31 03:00:00,17.15,45.61,16.35,65.11,6.34,1016.12,0.0
2026-08-31 04:00:00,16.09,45.75,17.61,73.96,2.8,1017.7,0.0
2026-08-31 05:00:00,22.07,42.68,17.49,66.58,3.37,1017.13,0.0
2026-08-31 06:00:00,18.84,50.75,17.99,65.38,4.1,1017.43,0.0
2026-08-31 07:00:00,28.02,64.41,22.21,61.82,3.92,1016.05,0.0
2026-08-31 08:00:00,73.65,153.29,25.08,60.45,3.2,1016.27,0.0
2026-08-31 09:00:00,43.79,114.0,22.92,55.68,4.77,1017.47,0.0
2026-08-31 10:00:00,33.97,76.03,27.09,52.48,4.0,1016.23,0.0
2026-08-31 11:00:00,16.85,31.71,26.48,55.05,4.7,1019.62,0.0
2026-08-31 12:00:00,14.38,35.56,28.13,53.14,5.43,1018.16,0.0
2026-08-31 13:00:00,10.2,45.37,29.11,49.31,4.59,1019.93,0.0
2026-08-31 14:00:00,10.14,30.25,29.49,46.45,6.03,1018.26,0.02
2026-08-31 15:00:00,4.0,35.64,30.82,42.21,6.29,1019.69,0.0
2026-08-31 16:00:00,15.23,35.22,29.53,48.19,4.26,1019.75,0.0
2026-08-31 17:00:00,15.85,39.27,30.15,42.44,4.24,1018.69,0.0
2026-08-31 18:00:00,38.07,88.4,28.65,37.74,3.66,1019.72,0.0
2026-08-31 19:00:00,42.2,104.87,26.98,54.18,4.13,1019.46,0.0
2026-08-31 20:00:00,42.41,75.47,24.49,60.53,4.18,1018.82,0.97
2026-08-31 21:00:00,47.55,107.87,23.07,50.02,3.51,1018.44,0.0
2026-08-31 22:00:00,41.18,95.81,22.86,55.81,4.14,1017.68,0.0
2026-08-31 23:00:00,20.3,53.81,20.86,65.93,3.37,1019.53,0.0
2026-09-01 00:00:00,17.39,46.13,17.64,77.48,3.4,1018.0,0.0
2026-09-01 01:00:00,12.27,29.41,17.82,69.01,4.24,1019.33,0.0
2026-09-01 02:00:00,10.89,35.47,17.9,65.87,3.45,1019.04,0.0
2026-09-01 03:00:00,19.74,40.57,14.76,73.7,3.77,1019.79,0.0
2026-09-01 04:00:00,7.97,25.72,17.65,74.73,4.29,1019.01,0.0
2026-09-01 05:00:00,4.0,19.65,16.91,67.98,4.12,1018.99,0.0
2026-09-01 06:00:00,27.95,53.19,19.5,62.7,3.38,1019.84,0.0
2026-09-01 07:00:00,16.34,42.77,19.35,64.24,5.32,1019.52,0.0
2026-09-01 08:00:00,39.61,103.57,19.79,61.56,4.51,1019.5,0.0
2026-09-01 09:00:00,42.07,95.61,21.81,62.23,4.41,1019.63,0.0
2026-09-01 10:00:00,28.16,66.08,25.63,61.36,3.59,1018.02,0.0
2026-09-01 11:00:00,11.68,32.7,26.44,54.7,4.8,1017.6,0.0
2026-09-01 12:00:00,4.0,19.62,26.49,52.31,4.32,1017.48,0.0
2026-09-01 13:00:00,7.75,26.1,29.45,46.82,5.57,1016.18,0.0
2026-09-01 14:00:00,4.47,27.61,27.39,45.45,3.72,1016.8,0.0
2026-09-01 15:00:00,8.45,24.96,29.54,51.36,4.74,1016.96,0.0
2026-09-01 16:00:00,15.74,50.22,27.93,50.41,4.39,1016.88,0.0
2026-09-01 17:00:00,16.47,54.05,27.9,50.06,5.69,1017.26,0.0
2026-09-01 18:00:00,38.1,80.11,27.63,64.04,3.29,1018.14,0.0
2026-09-01 19:00:00,44.83,107.04,25.09,57.03,4.19,1017.86,0.0
2026-09-01 20:00:00,55.32,129.96,23.97,54.85,4.5,1015.94,0.0
2026-09-01 21:00:00,28.44,90.55,23.83,56.4,6.82,1017.49,0.0
2026-09-01 22:00:00,51.37,109.41,20.12,69.38,3.4,1018.05,0.0
2026-09-01 23:00:00,15.31,43.25,20.13,65.22,4.2,1017.3,0.0
2026-09-02 00:00:00,21.35,38.11,16.32,65.87,2.7,1017.86,0.0
2026-09-02 01:00:00,13.24,37.59,17.2,73.72,3.83,1018.6,0.0
2026-09-02 02:00:00,19.45,45.54,17.59,66.67,5.46,1017.81,0.0
2026-09-02 03:00:00,13.61,26.1,12.66,85.71,6.84,1017.19,0.0
2026-09-02 04:00:00,14.47,39.14,14.91,78.48,4.32,1017.83,0.0
2026-09-02 05:00:00,19.08,36.74,17.25,68.16,2.78,1017.11,0.0
2026-09-02 06:00:00,12.56,37.86,17.43,74.75,5.78,1017.01,0.0
2026-09-02 07:00:00,47.34,95.69,19.57,66.05,2.78,1016.71,0.0
2026-09-02 08:00:00,62.15,118.41,20.09,68.25,2.95,1018.24,0.0
2026-09-02 09:00:00,37.41,97.55,22.73,62.02,6.28,1016.34,0.0
2026-09-02 10:00:00,30.95,71.8,24.25,53.96,4.35,1018.22,0.0
2026-09-02 11:00:00,17.65,39.67,26.28,51.12,4.16,1012.31,0.0
2026-09-02 12:00:00,10.33,34.35,26.63,57.19,5.73,1010.8,0.0
2026-09-02 13:00:00,4.0,12.3,27.84,49.55,5.17,1012.21,0.0
2026-09-02 14:00:00,4.0,25.73,27.64,49.63,6.48,1010.23,0.0
2026-09-02 15:00:00,4.0,25.49,27.79,47.16,5.22,1012.42,0.0
2026-09-02 16:00:00,13.85,40.46,27.62,52.98,5.13,1012.62,0.0
2026-09-02 17:00:00,7.97,39.58,27.91,59.01,6.06,1011.44,0.0
2026-09-02 18:00:00,26.43,74.17,25.82,50.25,4.34,1012.01,0.0
2026-09-02 19:00:00,61.38,128.59,25.22,55.7,3.42,1013.48,0.0
2026-09-02 20:00:00,50.57,126.67,25.68,60.42,4.78,1011.51,0.0
2026-09-02 21:00:00,55.36,119.52,22.42,60.33,3.55,1011.07,0.0
2026-09-02 22:00:00,40.14,83.83,19.17,68.3,4.16,1013.1,0.0
2026-09-02 23:00:00,23.9,49.68,19.32,61.97,2.65,1013.48,0.0
2026-09-03 00:00:00,9.15,28.72,15.94,74.02,3.7,1011.92,0.0
2026-09-03 01:00:00,20.01,49.72,12.87,77.09,3.36,1012.72,0.0
2026-09-03 02:00:00,15.57,34.77,13.41,80.8,2.65,1012.99,0.0
2026-09-03 03:00:00,4.86,16.5,12.13,83.92,3.73,1011.32,0.0
2026-09-03 04:00:00,8.96,35.69,14.19,85.82,3.76,1011.53,0.0
2026-09-03 05:00:00,15.18,29.72,15.34,75.71,4.25,1012.9,0.0
2026-09-03 06:00:00,18.33,44.75,18.44,69.11,5.42,1013.26,0.0
2026-09-03 07:00:00,23.88,69.77,18.27,68.89,5.11,1012.37,0.0
2026-09-03 08:00:00,52.65,124.62,19.3,64.85,3.41,1011.21,0.0
2026-09-03 09:00:00,38.63,97.24,22.37,62.09,4.35,1013.5,0.0
2026-09-03 10:00:00,27.22,70.91,20.53,62.86,5.03,1011.49,0.0
2026-09-03 11:00:00,19.19,45.84,24.02,58.44,4.28,1007.58,0.0
2026-09-03 12:00:00,16.77,43.2,26.11,59.27,3.85,1008.12,0.0
2026-09-03 13:00:00,4.0,22.38,24.52,52.84,4.79,1009.09,0.0
2026-09-03 14:00:00,12.0,33.66,28.37,54.49,6.71,1008.53,0.0
2026-09-03 15:00:00,9.51,26.58,27.64,56.52,3.96,1008.18,0.0
2026-09-03 16:00:00,11.32,27.22,26.5,52.83,4.09,1008.21,0.0
2026-09-03 17:00:00,21.76,51.82,27.06,43.8,4.02,1007.88,0.0
2026-09-03 18:00:00,32.61,76.23,27.91,48.33,3.66,1008.29,0.0
2026-09-03 19:00:00,32.21,97.17,23.95,63.08,5.01,1005.82,0.0
2026-09-03 20:00:00,75.39,151.69,22.35,60.68,3.28,1007.61,0.0
2026-09-03 21:00:00,45.68,106.56,19.69,61.56,4.74,1008.04,0.0
2026-09-03 22:00:00,43.32,99.9,17.41,67.64,3.88,1006.92,0.0
2026-09-03 23:00:00,36.42,82.43,17.73,72.45,2.72,1008.15,0.0
2026-09-04 00:00:00,18.08,43.26,14.26,77.52,3.45,1007.68,0.0
2026-09-04 01:00:00,4.0,20.85,14.26,74.38,5.17,1009.25,0.0
2026-09-04 02:00:00,4.0,6.0,12.9,76.31,4.0,1009.1,5.94
2026-09-04 03:00:00,4.0,11.2,13.81,74.57,3.52,1007.47,0.0
2026-09-04 04:00:00,8.98,25.38,13.88,72.33,5.53,1007.72,0.0
2026-09-04 05:00:00,16.72,38.58,15.42,79.71,3.0,1007.79,0.0
2026-09-04 06:00:00,28.32,58.51,14.67,73.3,3.31,1007.48,0.0
2026-09-04 07:00:00,20.88,63.26,16.41,76.33,5.0,1008.0,0.0
2026-09-04 08:00:00,40.26,96.42,17.25,76.04,4.67,1007.24,0.0
2026-09-04 09:00:00,43.34,94.93,19.7,69.53,3.27,1006.94,0.0
2026-09-04 10:00:00,28.31,73.04,22.5,58.77,4.98,1008.34,0.0
2026-09-04 11:00:00,15.55,56.62,23.81,59.76,4.12,1008.35,0.0
2026-09-04 12:00:00,11.81,29.95,23.25,59.05,3.68,1007.2,0.0
2026-09-04 13:00:00,4.0,22.22,26.51,49.67,4.69,1008.56,0.0
2026-09-04 14:00:00,7.42,39.51,27.79,52.28,8.23,1007.34,0.0
2026-09-04 15:00:00,13.79,36.91,26.9,47.86,6.36,1008.05,0.0
2026-09-04 16:00:00,8.83,37.8,28.42,54.59,4.82,1008.5,0.0
2026-09-04 17:00:00,22.39,42.36,24.54,54.97,3.62,1007.82,0.0
2026-09-04 18:00:00,35.06,75.69,22.86,60.66,3.24,1008.21,0.0
2026-09-04 19:00:00,48.93,109.61,20.77,64.75,4.19,1007.43,0.0
2026-09-04 20:00:00,49.98,119.04,23.01,58.55,4.3,1007.69,0.0
2026-09-04 21:00:00,47.82,99.09,20.19,67.0,4.72,1007.68,0.0
2026-09-04 22:00:00,39.77,96.41,17.52,67.56,4.54,1007.25,0.0
2026-09-04 23:00:00,4.0,6.0,16.24,75.25,4.67,1007.7,6.58
2026-09-05 00:00:00,4.95,26.88,13.1,72.04,4.14,1006.61,0.0
2026-09-05 01:00:00,6.9,35.81,16.27,72.22,5.49,1007.45,0.0
2026-09-05 02:00:00,14.44,28.69,12.8,85.72,3.36,1007.62,0.0
2026-09-05 03:00:00,15.75,29.41,12.53,74.44,3.87,1007.64,0.0
2026-09-05 04:00:00,11.89,34.7,13.51,73.97,2.72,1007.65,0.0
2026-09-05 05:00:00,4.0,6.0,13.92,78.0,3.35,1007.79,4.14
2026-09-05 06:00:00,13.4,31.2,14.72,75.22,5.15,1008.23,0.0
2026-09-05 07:00:00,27.36,67.34,14.95,75.49,4.62,1008.54,0.0
2026-09-05 08:00:00,42.24,103.37,18.16,70.27,2.58,1007.32,0.0
2026-09-05 09:00:00,16.05,58.29,21.66,64.55,7.56,1006.88,0.0
2026-09-05 10:00:00,22.15,61.47,22.83,64.34,4.6,1007.01,0.0
2026-09-05 11:00:00,10.3,26.65,24.43,58.67,4.87,1011.53,0.0
2026-09-05 12:00:00,4.45,11.9,23.35,58.0,4.34,1011.63,0.0
2026-09-05 13:00:00,6.81,29.61,23.89,60.69,4.62,1011.3,0.0
2026-09-05 14:00:00,9.59,32.94,25.63,62.47,5.19,1010.88,0.0
2026-09-05 15:00:00,4.48,20.15,26.08,53.53,5.69,1011.55,0.0
2026-09-05 16:00:00,5.43,34.3,27.09,48.34,5.24,1012.06,0.0
2026-09-05 17:00:00,14.59,27.68,23.05,63.94,4.2,1012.39,0.0
2026-09-05 18:00:00,23.08,48.2,25.8,54.08,3.7,1011.47,0.0
2026-09-05 19:00:00,46.84,95.27,22.33,52.12,3.38,1011.58,0.0
2026-09-05 20:00:00,42.13,96.64,20.32,67.81,5.29,1011.17,0.0
2026-09-05 21:00:00,25.08,77.29,17.8,66.82,5.06,1011.89,0.0
2026-09-05 22:00:00,22.49,56.5,15.22,73.24,4.4,1011.24,0.0
2026-09-05 23:00:00,14.78,39.78,16.5,72.63,5.28,1012.37,0.0
2026-09-06 00:00:00,4.0,6.0,14.15,76.29,3.71,1010.49,2.27
2026-09-06 01:00:00,4.0,26.88,11.41,83.3,4.91,1011.63,0.0
2026-09-06 02:00:00,4.0,12.57,10.7,80.0,4.47,1012.16,0.0
2026-09-06 03:00:00,5.55,15.23,11.61,82.15,4.96,1012.06,0.0
2026-09-06 04:00:00,11.32,25.17,14.26,74.29,3.01,1014.07,0.0
2026-09-06 05:00:00,7.43,25.38,12.64,81.2,4.12,1012.19,0.0
2026-09-06 06:00:00,23.67,45.96,12.26,81.39,3.5,1011.11,0.0
2026-09-06 07:00:00,37.84,79.92,15.22,69.86,2.6,1011.84,0.0
2026-09-06 08:00:00,33.69,80.28,16.88,74.96,5.6,1010.49,0.0
2026-09-06 09:00:00,26.16,76.14,15.78,70.45,5.38,1011.85,0.0
2026-09-06 10:00:00,23.89,62.0,20.76,66.86,4.83,1011.25,0.0
2026-09-06 11:00:00,12.88,45.39,22.37,62.2,3.99,1017.72,0.0
2026-09-06 12:00:00,8.8,23.05,24.93,63.48,3.75,1016.55,0.0
2026-09-06 13:00:00,4.9,24.34,27.43,50.73,3.76,1016.9,0.0
2026-09-06 14:00:00,4.0,11.2,27.26,50.53,4.54,1016.48,0.0
2026-09-06 15:00:00,7.67,45.59,25.82,54.45,5.85,1018.38,0.0
2026-09-06 16:00:00,12.32,37.98,24.58,55.54,4.55,1016.73,0.0
2026-09-06 17:00:00,4.0,22.43,28.3,53.26,5.27,1018.46,0.0
2026-09-06 18:00:00,18.21,49.53,24.17,51.03,5.09,1017.64,0.0
2026-09-06 19:00:00,33.99,80.65,22.66,56.0,4.98,1017.38,0.0
2026-09-06 20:00:00,58.67,129.69,20.93,59.05,2.67,1017.29,0.0
2026-09-06 21:00:00,49.21,107.17,19.38,69.92,3.19,1017.31,0.0
2026-09-06 22:00:00,27.54,61.35,17.16,76.95,4.39,1015.45,0.0
2026-09-06 23:00:00,9.21,26.57,14.96,73.65,6.05,1016.77,0.0
2026-09-07 00:00:00,15.22,47.47,13.54,75.95,5.41,1017.67,0.0
2026-09-07 01:00:00,7.97,31.34,13.05,77.79,4.16,1016.95,0.0
2026-09-07 02:00:00,6.0,30.7,11.73,84.53,5.62,1015.87,0.0
2026-09-07 03:00:00,8.17,26.09,11.29,76.97,4.15,1016.95,0.0
2026-09-07 04:00:00,12.33,28.32,12.51,79.44,2.79,1018.35,0.0
2026-09-07 05:00:00,13.22,46.26,12.78,81.9,4.64,1017.99,0.0
2026-09-07 06:00:00,14.33,53.36,16.0,74.2,5.48,1016.94,0.0
2026-09-07 07:00:00,21.57,68.39,12.47,79.31,6.8,1017.75,0.0
2026-09-07 08:00:00,49.25,114.37,18.64,71.45,3.32,1016.7,0.0
2026-09-07 09:00:00,18.83,25.91,20.64,53.04,3.27,1015.63,2.21
2026-09-07 10:00:00,23.72,56.85,18.47,70.47,5.52,1016.25,0.0
2026-09-07 11:00:00,19.63,44.32,22.86,57.24,5.16,1020.5,0.0
2026-09-07 12:00:00,10.03,39.38,24.27,49.99,5.23,1019.03,0.0
2026-09-07 13:00:00,4.0,33.69,24.14,59.59,6.81,1019.06,0.0
2026-09-07 14:00:00,4.0,30.79,25.6,60.41,6.11,1019.01,0.0
2026-09-07 15:00:00,4.23,25.93,25.44,54.66,5.6,1020.77,0.0
2026-09-07 16:00:00,10.2,38.02,28.63,53.28,4.45,1020.55,0.0
2026-09-07 17:00:00,4.0,27.4,26.96,58.92,5.63,1021.03,0.0
2026-09-07 18:00:00,30.63,75.66,26.25,59.01,3.54,1019.12,0.0
2026-09-07 19:00:00,12.01,17.63,24.14,64.11,4.46,1019.49,2.78
2026-09-07 20:00:00,62.33,129.83,20.23,67.55,3.8,1018.04,0.0
2026-09-07 21:00:00,70.44,146.88,19.14,66.85,2.77,1020.43,0.0
2026-09-07 22:00:00,38.09,92.86,18.55,61.2,4.32,1018.32,0.0
2026-09-07 23:00:00,30.61,78.76,14.8,73.38,3.32,1019.42,0.0
2026-09-08 00:00:00,12.42,35.05,15.68,69.4,4.28,1018.37,0.0
2026-09-08 01:00:00,14.22,27.31,13.42,85.53,3.07,1018.78,0.0
2026-09-08 02:00:00,13.34,34.35,12.56,77.69,4.93,1018.58,0.0
2026-09-08 03:00:00,10.73,34.74,13.62,76.98,6.42,1018.76,0.0
2026-09-08 04:00:00,10.17,27.99,13.54,78.83,2.94,1018.82,0.0
2026-09-08 05:00:00,17.9,42.78,13.28,77.27,3.07,1018.81,0.0
2026-09-08 06:00:00,33.53,68.89,16.21,78.6,2.87,1019.92,0.0
2026-09-08 07:00:00,39.07,89.34,14.97,71.56,3.62,1018.37,0.0
2026-09-08 08:00:00,47.46,109.03,18.7,68.12,4.26,1019.43,0.0
2026-09-08 09:00:00,38.65,82.44,20.48,61.17,4.99,1020.22,0.0
2026-09-08 10:00:00,28.93,72.77,21.21,57.54,4.73,1018.84,0.0
2026-09-08 11:00:00,15.96,45.74,24.67,54.15,5.48,1016.42,0.0
2026-09-08 12:00:00,9.52,34.07,24.23,57.24,4.8,1016.81,0.0
2026-09-08 13:00:00,9.6,27.41,27.95,48.97,4.47,1017.93,0.0
2026-09-08 14:00:00,7.71,27.53,27.32,49.05,4.28,1017.15,0.0
2026-09-08 15:00:00,4.0,25.12,27.15,46.5,4.82,1016.57,0.0
2026-09-08 16:00:00,10.32,30.0,28.8,48.83,4.13,1017.38,0.0
2026-09-08 17:00:00,11.35,41.97,26.0,48.18,5.07,1016.11,0.0
2026-09-08 18:00:00,31.68,74.33,24.04,60.77,3.7,1017.54,0.0
2026-09-08 19:00:00,61.48,130.79,22.41,60.99,3.7,1017.32,0.0
2026-09-08 20:00:00,51.51,105.12,23.32,53.19,5.28,1016.74,0.0
2026-09-08 21:00:00,31.16,79.86,19.24,65.13,5.46,1016.32,0.0
2026-09-08 22:00:00,28.48,65.84,21.07,60.07,5.4,1016.28,0.0
2026-09-08 23:00:00,23.66,55.45,14.78,75.67,3.78,1017.42,0.0
2026-09-09 00:00:00,11.88,38.19,17.87,74.2,3.34,1017.97,0.0
2026-09-09 01:00:00,12.95,33.89,14.97,66.55,4.42,1016.48,0.0
2026-09-09 02:00:00,10.07,32.36,13.9,76.44,3.12,1017.36,0.0
2026-09-09 03:00:00,15.1,42.57,13.13,76.73,4.76,1015.32,0.0
2026-09-09 04:00:00,15.01,36.19,14.5,77.59,3.28,1016.52,0.0
2026-09-09 05:00:00,14.1,38.72,14.67,75.45,3.62,1016.97,0.0
2026-09-09 06:00:00,18.74,49.48,17.15,67.12,4.79,1016.26,0.0
2026-09-09 07:00:00,42.3,86.81,17.42,68.37,2.7,1016.24,0.0
2026-09-09 08:00:00,48.07,109.05,19.15,63.35,3.31,1016.46,0.0
2026-09-09 09:00:00,43.13,110.47,20.34,68.69,4.56,1017.22,0.0
2026-09-09 10:00:00,23.67,66.97,22.52,60.55,5.13,1016.84,0.0
2026-09-09 11:00:00,8.75,34.62,25.87,62.04,5.15,1010.12,0.0
2026-09-09 12:00:00,14.2,32.43,24.9,55.94,4.65,1010.22,0.0
2026-09-09 13:00:00,9.46,41.47,26.44,50.57,6.11,1011.43,0.0
2026-09-09 14:00:00,19.84,36.51,29.65,41.58,4.26,1012.28,0.0
2026-09-09 15:00:00,13.02,25.18,29.21,41.21,4.2,1009.72,0.0
2026-09-09 16:00:00,6.0,29.02,28.54,43.29,5.28,1011.52,0.0
2026-09-09 17:00:00,14.36,34.61,28.08,51.52,3.85,1011.49,0.0
2026-09-09 18:00:00,17.21,65.51,27.37,53.77,7.11,1013.03,0.0
2026-09-09 19:00:00,52.83,106.21,24.85,49.95,3.64,1011.61,0.0
2026-09-09 20:00:00,50.86,126.63,22.88,63.4,4.92,1012.22,0.0
2026-09-09 21:00:00,60.66,131.79,22.24,59.04,2.92,1012.03,0.0
2026-09-09 22:00:00,33.33,82.17,19.01,67.37,5.97,1010.21,0.0
2026-09-09 23:00:00,25.3,44.25,18.99,73.27,3.85,1012.53,0.0
2026-09-10 00:00:00,17.28,31.78,15.01,77.57,3.31,1012.09,0.0
2026-09-10 01:00:00,8.85,27.77,17.17,69.02,3.55,1012.32,0.0
2026-09-10 02:00:00,16.43,35.91,15.81,68.98,3.2,1015.06,0.0
2026-09-10 03:00:00,19.62,47.54,15.31,64.83,3.62,1010.25,0.0
2026-09-10 04:00:00,12.79,30.77,16.42,68.57,2.95,1013.29,0.0
2026-09-10 05:00:00,12.82,31.72,17.94,67.86,3.33,1011.68,0.0
2026-09-10 06:00:00,21.66,38.57,18.27,64.17,4.89,1012.14,0.0
2026-09-10 07:00:00,26.64,71.32,16.29,71.15,4.06,1011.88,0.0
2026-09-10 08:00:00,60.35,121.27,18.65,67.74,3.05,1011.58,0.0
2026-09-10 09:00:00,55.51,117.27,21.25,61.85,3.96,1011.46,0.0
2026-09-10 10:00:00,17.55,50.32,23.84,55.49,6.08,1012.18,0.0
2026-09-10 11:00:00,22.43,43.32,27.34,52.46,4.26,1006.63,0.0
2026-09-10 12:00:00,9.0,37.12,27.3,53.63,4.04,1008.44,0.0
2026-09-10 13:00:00,4.0,28.25,29.51,43.52,5.64,1007.51,0.0
2026-09-10 14:00:00,12.51,37.47,29.08,54.3,3.81,1006.94,0.0
2026-09-10 15:00:00,8.81,27.74,29.49,47.52,4.73,1007.48,0.0
2026-09-10 16:00:00,7.2,21.35,28.29,50.15,6.7,1008.85,0.0
2026-09-10 17:00:00,12.67,51.25,28.17,53.13,4.47,1007.42,0.0
2026-09-10 18:00:00,24.16,69.07,26.55,54.14,5.65,1008.13,0.0
2026-09-10 19:00:00,51.52,114.35,25.55,58.82,3.3,1007.26,0.0
2026-09-10 20:00:00,67.73,141.92,26.3,54.81,3.59,1008.45,0.0
2026-09-10 21:00:00,63.48,120.26,22.08,58.81,3.51,1008.39,0.0
2026-09-10 22:00:00,32.14,83.03,24.57,58.22,4.41,1009.32,0.0
2026-09-10 23:00:00,22.77,46.69,20.31,59.87,3.9,1007.7,0.0
2026-09-11 00:00:00,4.85,28.69,18.49,68.15,5.95,1008.38,0.0
2026-09-11 01:00:00,7.85,29.01,16.13,71.83,3.37,1007.92,0.0
2026-09-11 02:00:00,4.0,21.56,17.3,69.03,3.89,1008.88,0.0
2026-09-11 03:00:00,8.73,28.94,15.53,72.53,3.54,1007.27,0.0
2026-09-11 04:00:00,12.22,40.29,16.61,63.57,3.82,1008.44,0.0
2026-09-11 05:00:00,20.4,40.52,20.23,62.39,3.73,1007.69,0.0
2026-09-11 06:00:00,20.71,48.35,18.16,68.68,3.11,1007.79,0.0
2026-09-11 07:00:00,28.0,68.77,21.1,63.66,4.8,1007.92,0.0
2026-09-11 08:00:00,58.96,112.43,20.56,59.88,3.26,1008.05,0.0
2026-09-11 09:00:00,61.75,130.09,23.18,64.34,3.52,1007.75,0.0
2026-09-11 10:00:00,38.91,91.43,27.16,48.65,3.39,1008.02,0.0
2026-09-11 11:00:00,18.51,54.61,26.98,56.31,4.2,1009.11,0.0
2026-09-11 12:00:00,13.11,46.36,31.35,46.28,4.29,1008.63,0.0
2026-09-11 13:00:00,5.72,13.87,31.14,42.36,3.81,1008.54,0.0
2026-09-11 14:00:00,5.37,33.5,30.32,53.53,4.81,1007.48,0.0
2026-09-11 15:00:00,10.83,38.27,31.99,38.64,7.0,1007.13,0.0
2026-09-11 16:00:00,4.0,30.24,32.16,46.79,3.89,1008.61,0.0
2026-09-11 17:00:00,12.5,36.4,31.04,49.13,4.65,1008.55,0.0
2026-09-11 18:00:00,25.1,61.6,27.29,49.2,4.19,1009.02,0.0
2026-09-11 19:00:00,43.86,97.89,26.86,58.22,4.9,1007.36,0.0
2026-09-11 20:00:00,50.6,124.63,25.74,53.67,4.7,1007.66,0.0
2026-09-11 21:00:00,33.63,98.19,24.14,58.7,7.53,1006.53,0.0
2026-09-11 22:00:00,42.3,84.55,23.16,60.35,4.1,1007.53,0.0
2026-09-11 23:00:00,22.62,40.06,20.94,62.77,3.16,1008.64,0.0
2026-09-12 00:00:00,4.0,19.38,17.68,72.42,3.33,1007.47,0.0
2026-09-12 01:00:00,10.15,29.75,18.62,70.66,3.4,1008.36,0.0
2026-09-12 02:00:00,7.06,15.94,18.2,61.25,3.27,1007.69,0.0
2026-09-12 03:00:00,4.0,16.52,17.9,74.0,6.4,1008.1,0.0
2026-09-12 04:00:00,12.07,36.24,18.76,60.58,4.63,1006.93,0.0
2026-09-12 05:00:00,12.64,44.2,19.17,70.62,4.39,1007.91,0.0
2026-09-12 06:00:00,27.93,52.84,19.83,69.81,3.01,1005.45,0.0
2026-09-12 07:00:00,17.68,43.73,20.65,59.47,4.68,1007.69,0.0
2026-09-12 08:00:00,23.29,67.06,20.42,62.6,5.33,1006.54,0.0
2026-09-12 09:00:00,36.4,86.29,24.74,52.05,3.92,1008.81,0.0
2026-09-12 10:00:00,19.87,48.55,26.29,52.82,3.92,1008.47,0.0
2026-09-12 11:00:00,4.64,40.31,28.68,48.14,6.85,1012.29,0.0
2026-09-12 12:00:00,6.09,28.06,28.27,53.23,4.27,1013.13,0.0
2026-09-12 13:00:00,13.61,31.74,29.62,52.93,4.33,1011.16,0.0
2026-09-12 14:00:00,9.36,19.51,32.88,47.4,4.27,1013.31,0.0
2026-09-12 15:00:00,9.28,36.59,31.81,41.49,4.91,1012.66,0.0
2026-09-12 16:00:00,13.62,43.68,32.43,41.79,5.14,1011.73,0.0
2026-09-12 17:00:00,9.55,20.4,30.95,38.56,5.93,1012.82,1.16
2026-09-12 18:00:00,13.3,45.49,29.84,44.06,5.05,1011.03,0.0
2026-09-12 19:00:00,34.87,82.06,29.48,51.8,4.74,1011.26,0.0
2026-09-12 20:00:00,35.74,92.75,26.05,60.57,5.63,1011.43,0.0
2026-09-12 21:00:00,48.51,94.24,24.97,51.12,3.05,1011.49,0.0
2026-09-12 22:00:00,40.49,73.64,22.49,58.15,2.83,1011.07,0.0
2026-09-12 23:00:00,17.55,48.43,20.83,63.4,4.52,1012.89,0.0
2026-09-13 00:00:00,9.36,31.63,19.53,66.97,3.7,1011.71,0.0
2026-09-13 01:00:00,4.0,17.79,19.06,63.45,5.08,1012.2,0.0
2026-09-13 02:00:00,5.97,16.46,17.52,71.16,3.79,1011.46,0.0
2026-09-13 03:00:00,13.62,38.62,19.36,64.26,3.3,1010.46,0.0
2026-09-13 04:00:00,4.0,15.3,17.02,70.31,4.54,1012.13,0.0
2026-09-13 05:00:00,6.55,22.93,18.57,69.76,3.92,1010.39,0.0
2026-09-13 06:00:00,19.62,44.22,19.38,66.14,3.79,1011.86,0.0
2026-09-13 07:00:00,13.8,41.78,23.09,57.69,8.13,1010.82,0.0
2026-09-13 08:00:00,28.16,74.27,23.28,58.66,5.47,1013.5,0.0
2026-09-13 09:00:00,22.01,63.21,26.09,53.68,5.04,1012.64,0.0
2026-09-13 10:00:00,22.07,57.69,24.88,54.74,4.55,1012.0,0.0
2026-09-13 11:00:00,6.93,27.95,28.8,48.12,4.71,1018.0,0.0
2026-09-13 12:00:00,4.0,32.91,31.0,51.59,4.58,1016.31,0.0
2026-09-13 13:00:00,4.0,28.06,31.14,47.19,5.22,1017.43,0.0
2026-09-13 14:00:00,11.93,32.2,33.02,40.38,4.59,1017.15,0.0
2026-09-13 15:00:00,4.99,21.02,31.36,47.34,4.1,1017.2,0.0
2026-09-13 16:00:00,16.67,51.14,33.44,39.47,4.82,1018.01,0.0
2026-09-13 17:00:00,4.0,28.82,33.8,44.85,5.01,1017.58,0.0
2026-09-13 18:00:00,9.53,31.58,29.5,49.38,5.69,1017.22,0.0
2026-09-13 19:00:00,46.61,104.09,27.95,50.26,3.48,1015.67,0.0
2026-09-13 20:00:00,50.82,116.58,28.54,51.42,3.87,1016.22,0.0
2026-09-13 21:00:00,28.87,82.71,26.88,46.33,4.44,1016.89,0.0
2026-09-13 22:00:00,28.37,62.93,22.54,55.92,4.41,1017.07,0.0
2026-09-13 23:00:00,14.4,39.68,20.98,58.46,6.27,1016.09,0.0
2026-09-14 00:00:00,12.93,27.02,19.7,66.11,3.56,1018.92,0.0
2026-09-14 01:00:00,16.34,38.84,17.31,76.77,3.12,1018.2,0.0
2026-09-14 02:00:00,12.82,37.74,17.12,79.11,3.94,1017.47,0.0
2026-09-14 03:00:00,7.17,20.76,16.78,73.35,3.6,1017.05,0.0
2026-09-14 04:00:00,12.97,31.73,17.3,71.86,3.46,1016.82,0.0
2026-09-14 05:00:00,16.78,31.01,18.88,59.81,3.35,1016.23,0.0
2026-09-14 06:00:00,21.81,60.44,20.31,62.27,4.16,1017.05,0.0
2026-09-14 07:00:00,29.81,60.14,23.34,55.84,3.26,1017.2,0.0
2026-09-14 08:00:00,45.07,107.42,21.97,58.97,4.73,1016.0,0.0
2026-09-14 09:00:00,40.43,99.94,26.16,53.24,4.97,1017.26,0.0
2026-09-14 10:00:00,21.58,60.59,26.54,51.34,4.87,1016.87,0.0
2026-09-14 11:00:00,24.84,55.92,28.04,42.61,3.9,1017.72,0.0
2026-09-14 12:00:00,4.0,9.86,30.36,49.34,5.15,1018.56,1.35
2026-09-14 13:00:00,4.94,24.55,29.31,43.95,6.36,1018.92,0.0
2026-09-14 14:00:00,9.34,38.4,31.82,44.68,6.04,1020.76,0.0
2026-09-14 15:00:00,15.41,49.17,31.8,52.06,5.78,1019.7,0.0
2026-09-14 16:00:00,12.6,33.64,31.95,39.81,4.89,1018.18,0.0
2026-09-14 17:00:00,19.26,39.91,31.01,35.06,4.66,1019.64,0.0
2026-09-14 18:00:00,17.58,52.66,32.49,41.37,6.1,1018.01,0.0
2026-09-14 19:00:00,47.08,120.29,27.33,56.21,4.45,1020.12,0.0
2026-09-14 20:00:00,56.19,123.13,25.77,62.45,4.16,1018.87,0.0
2026-09-14 21:00:00,33.99,98.71,23.85,53.15,9.18,1019.18,0.0
2026-09-14 22:00:00,52.3,114.01,22.12,63.17,3.54,1020.31,0.0
2026-09-14 23:00:00,41.93,76.78,20.33,62.54,2.63,1018.22,0.0
2026-09-15 00:00:00,4.0,18.08,21.08,62.63,3.67,1018.13,0.0
2026-09-15 01:00:00,10.6,34.18,20.24,75.15,3.72,1018.78,0.0
2026-09-15 02:00:00,18.1,52.21,17.15,64.12,4.13,1020.08,0.0
2026-09-15 03:00:00,5.27,18.78,16.6,72.13,4.4,1018.03,0.0
2026-09-15 04:00:00,21.82,52.89,18.4,69.75,2.66,1016.98,0.0
2026-09-15 05:00:00,18.17,41.67,17.87,73.18,4.43,1018.89,0.0
2026-09-15 06:00:00,23.17,47.31,20.41,64.65,3.77,1019.69,0.0
2026-09-15 07:00:00,28.25,69.32,21.34,63.82,3.58,1020.21,0.0
2026-09-15 08:00:00,66.11,126.53,20.97,61.69,2.77,1018.88,0.0
2026-09-15 09:00:00,38.95,101.82,26.46,54.45,6.23,1018.92,0.0
2026-09-15 10:00:00,38.0,102.86,28.56,48.22,4.05,1020.17,0.0
2026-09-15 11:00:00,13.24,47.66,26.53,55.73,5.49,1015.5,0.0
2026-09-15 12:00:00,5.75,22.98,28.25,48.67,4.2,1016.68,0.0
2026-09-15 13:00:00,15.12,46.37,30.17,48.2,5.34,1017.14,0.0
2026-09-15 14:00:00,11.67,27.86,30.93,45.21,4.79,1017.35,0.0
2026-09-15 15:00:00,4.0,19.25,31.55,48.71,5.75,1016.58,0.0
2026-09-15 16:00:00,11.62,33.54,32.94,41.5,4.6,1017.02,0.0
2026-09-15 17:00:00,19.19,48.21,29.61,40.61,3.99,1015.0,0.0
2026-09-15 18:00:00,26.77,60.12,27.76,56.08,4.42,1016.46,0.0
2026-09-15 19:00:00,52.03,114.2,25.61,51.28,4.08,1017.35,0.0
2026-09-15 20:00:00,64.33,139.06,24.7,53.92,4.1,1016.21,0.0
2026-09-15 21:00:00,40.46,109.45,23.72,55.92,5.03,1017.04,0.0
2026-09-15 22:00:00,61.35,110.64,24.11,63.1,3.02,1017.35,0.0
2026-09-15 23:00:00,11.96,30.28,19.64,57.11,4.95,1016.72,0.0
2026-09-16 00:00:00,26.42,53.3,19.08,79.21,2.95,1017.13,0.0
2026-09-16 01:00:00,11.51,39.53,17.68,73.4,4.54,1016.22,0.0
2026-09-16 02:00:00,15.99,42.97,18.43,68.72,4.58,1016.83,0.0
2026-09-16 03:00:00,15.5,38.15,19.8,65.14,3.41,1017.48,0.0
2026-09-16 04:00:00,11.87,28.55,16.36,72.69,3.19,1017.12,0.0
2026-09-16 05:00:00,17.43,43.48,17.11,72.29,3.16,1016.52,0.0
2026-09-16 06:00:00,13.97,43.64,20.07,67.45,3.91,1017.17,0.0
2026-09-16 07:00:00,10.85,12.85,21.08,65.28,4.67,1017.56,3.15
2026-09-16 08:00:00,52.89,109.32,24.17,57.85,3.69,1015.35,0.0
2026-09-16 09:00:00,62.87,123.13,24.46,56.18,2.92,1017.92,0.0
2026-09-16 10:00:00,35.09,84.53,25.14,55.14,3.96,1016.72,0.0
2026-09-16 11:00:00,15.91,33.01,26.83,51.93,4.18,1012.26,0.0
2026-09-16 12:00:00,10.78,44.17,28.9,53.52,5.43,1012.87,0.0
2026-09-16 13:00:00,11.29,31.99,29.67,49.97,5.62,1010.82,0.0
2026-09-16 14:00:00,4.95,25.77,29.99,35.26,5.19,1011.35,0.0
2026-09-16 15:00:00,4.0,28.83,30.9,48.0,6.11,1011.68,0.0
2026-09-16 16:00:00,4.0,21.42,30.79,46.36,6.11,1011.29,0.0
2026-09-16 17:00:00,17.43,42.77,30.34,46.31,4.25,1013.3,0.0
2026-09-16 18:00:00,36.34,82.03,28.35,48.42,3.75,1011.23,0.0
2026-09-16 19:00:00,44.62,99.41,25.92,58.84,4.07,1011.47,0.0
2026-09-16 20:00:00,67.19,137.72,24.61,60.49,3.99,1012.08,0.0
2026-09-16 21:00:00,56.18,115.02,24.07,54.58,3.36,1010.95,0.0
2026-09-16 22:00:00,16.78,72.37,19.83,66.93,10.2,1011.6,0.0
2026-09-16 23:00:00,23.94,61.4,19.57,61.89,5.79,1012.17,0.0
2026-09-17 00:00:00,6.04,16.66,17.2,64.52,3.3,1011.65,0.0
2026-09-17 01:00:00,20.36,48.28,16.6,68.61,3.04,1011.84,0.0
2026-09-17 02:00:00,18.37,36.0,17.4,73.13,3.25,1011.49,0.0
2026-09-17 03:00:00,11.57,22.93,15.85,76.28,5.1,1010.7,0.0
2026-09-17 04:00:00,7.82,32.5,15.92,74.4,5.15,1012.17,0.0
2026-09-17 05:00:00,12.45,47.43,14.93,77.03,5.82,1013.32,0.0
2026-09-17 06:00:00,32.12,68.44,18.57,69.64,3.13,1011.93,0.0
2026-09-17 07:00:00,24.47,52.42,19.9,62.61,4.39,1012.1,0.0
2026-09-17 08:00:00,63.62,130.38,23.41,60.59,3.18,1012.47,0.0
2026-09-17 09:00:00,34.93,91.9,22.25,64.15,6.59,1010.9,0.0
2026-09-17 10:00:00,34.58,80.28,24.7,59.56,3.75,1013.28,0.0
2026-09-17 11:00:00,14.8,34.59,25.18,60.43,3.78,1008.01,0.0
2026-09-17 12:00:00,14.69,35.13,28.22,53.04,4.05,1009.15,0.0
2026-09-17 13:00:00,10.06,22.9,27.32,53.23,4.98,1007.26,0.0
2026-09-17 14:00:00,4.0,25.22,28.47,54.03,5.85,1009.3,0.0
2026-09-17 15:00:00,5.35,17.56,29.11,48.5,5.72,1008.46,0.0
2026-09-17 16:00:00,14.94,40.61,28.36,46.42,4.07,1008.29,0.0
2026-09-17 17:00:00,17.12,40.72,26.9,51.93,4.33,1008.03,0.0
2026-09-17 18:00:00,20.73,22.73,26.56,50.21,3.98,1007.65,1.8
2026-09-17 19:00:00,59.77,131.01,26.16,51.21,3.27,1008.8,0.0
2026-09-17 20:00:00,66.04,143.94,21.96,60.89,3.37,1007.96,0.0
2026-09-17 21:00:00,47.03,120.01,21.54,59.06,5.72,1006.27,0.0
2026-09-17 22:00:00,50.33,88.51,18.72,66.07,2.9,1006.95,0.0
2026-09-17 23:00:00,21.49,47.48,19.31,58.67,4.06,1007.7,0.0
2026-09-18 00:00:00,10.3,34.25,14.6,75.57,5.77,1008.09,0.0
2026-09-18 01:00:00,13.64,41.82,14.64,74.65,5.66,1007.8,0.0
2026-09-18 02:00:00,11.13,27.35,15.07,70.61,6.4,1008.82,0.0
2026-09-18 03:00:00,22.55,51.52,16.25,74.39,4.17,1006.28,0.0
2026-09-18 04:00:00,11.32,28.55,14.54,78.58,4.35,1007.96,0.0
2026-09-18 05:00:00,12.67,24.64,14.65,68.2,3.38,1006.39,0.0
2026-09-18 06:00:00,28.27,54.12,18.68,64.33,2.9,1008.45,0.0
2026-09-18 07:00:00,32.3,77.43,16.14,68.87,3.69,1007.77,0.0
2026-09-18 08:00:00,37.14,83.3,16.93,66.77,5.32,1008.18,0.0
2026-09-18 09:00:00,59.31,127.09,21.9,64.9,2.92,1007.15,0.0
2026-09-18 10:00:00,34.88,80.74,22.59,59.56,4.01,1008.87,0.0
2026-09-18 11:00:00,14.31,40.81,22.51,59.42,5.33,1008.68,0.0
2026-09-18 12:00:00,4.0,12.58,26.04,46.11,4.88,1008.31,0.0
2026-09-18 13:00:00,10.26,26.2,26.59,55.68,6.71,1007.74,0.0
2026-09-18 14:00:00,4.0,22.56,26.32,48.67,6.33,1008.31,0.0
2026-09-18 15:00:00,4.34,13.78,25.7,54.98,4.01,1007.28,0.0
2026-09-18 16:00:00,9.81,29.99,28.05,51.62,4.96,1008.53,0.0
2026-09-18 17:00:00,9.67,38.52,27.08,57.7,4.06,1009.16,0.0
2026-09-18 18:00:00,36.48,79.95,25.07,50.64,3.81,1008.7,0.0
2026-09-18 19:00:00,49.86,108.91,25.95,42.21,3.19,1007.26,0.0
2026-09-18 20:00:00,54.72,123.24,20.76,64.37,4.1,1008.13,0.0
2026-09-18 21:00:00,45.04,114.6,18.41,75.06,5.59,1006.81,0.0
2026-09-18 22:00:00,38.79,93.79,17.59,74.29,4.2,1008.3,0.0
2026-09-18 23:00:00,30.01,64.48,16.68,71.81,2.85,1008.2,0.0
2026-09-19 00:00:00,15.0,35.75,15.58,70.99,3.78,1006.35,0.0
2026-09-19 01:00:00,4.5,21.44,13.88,79.24,4.42,1006.91,0.0
2026-09-19 02:00:00,12.86,40.02,13.9,72.09,3.71,1007.62,0.0
2026-09-19 03:00:00,7.6,9.6,11.73,81.79,4.18,1007.6,3.25
2026-09-19 04:00:00,12.86,39.65,15.21,75.64,3.26,1006.88,0.0
2026-09-19 05:00:00,4.49,16.18,14.08,79.9,3.6,1008.16,0.0
2026-09-19 06:00:00,14.48,28.14,16.63,82.1,3.55,1008.05,0.0
2026-09-19 07:00:00,27.51,63.07,17.15,71.7,5.97,1007.69,0.0
2026-09-19 08:00:00,40.89,84.13,18.97,64.82,3.04,1007.24,0.0
2026-09-19 09:00:00,57.79,123.11,20.92,63.24,2.94,1008.68,0.0
2026-09-19 10:00:00,21.99,63.94,22.59,53.26,6.42,1009.17,0.0
2026-09-19 11:00:00,12.05,31.33,23.67,55.62,4.81,1011.53,0.0
2026-09-19 12:00:00,8.79,31.05,25.95,52.65,3.98,1011.43,0.0
2026-09-19 13:00:00,4.0,22.32,25.7,52.64,6.13,1012.31,0.0
2026-09-19 14:00:00,4.36,32.5,27.01,52.99,5.71,1011.63,0.0
2026-09-19 15:00:00,4.0,24.18,26.29,50.39,7.5,1011.8,0.0
2026-09-19 16:00:00,6.16,15.6,27.89,55.28,5.08,1012.51,0.0
2026-09-19 17:00:00,4.0,31.27,24.65,56.63,8.99,1010.39,0.0
2026-09-19 18:00:00,14.8,42.11,26.51,53.24,4.32,1012.97,0.0
2026-09-19 19:00:00,36.27,77.25,22.85,58.56,4.82,1011.97,0.0
2026-09-19 20:00:00,29.42,81.32,19.5,66.52,4.71,1011.59,0.0
2026-09-19 21:00:00,45.05,104.43,19.56,69.09,3.44,1011.84,0.0
2026-09-19 22:00:00,26.62,53.71,16.77,67.35,3.42,1011.88,0.0
2026-09-19 23:00:00,17.29,49.48,16.91,67.93,4.74,1010.53,0.0
2026-09-20 00:00:00,10.74,22.75,13.67,75.18,2.9,1013.11,0.0
2026-09-20 01:00:00,16.64,36.07,12.8,72.58,3.21,1011.95,0.0
2026-09-20 02:00:00,7.98,23.07,10.37,79.06,3.69,1012.27,0.0
2026-09-20 03:00:00,4.0,23.19,11.86,77.75,6.26,1012.68,0.0
2026-09-20 04:00:00,6.83,27.26,9.73,86.98,4.74,1011.1,0.0
2026-09-20 05:00:00,10.94,23.23,11.44,81.46,3.91,1012.29,0.0
2026-09-20 06:00:00,17.4,48.04,15.36,74.13,3.37,1011.7,0.0
2026-09-20 07:00:00,15.78,54.74,16.84,74.09,7.25,1012.59,0.0
2026-09-20 08:00:00,16.08,29.0,18.1,67.87,3.77,1010.21,1.63
2026-09-20 09:00:00,32.27,70.52,18.24,69.73,3.52,1011.84,0.0
2026-09-20 10:00:00,8.7,36.67,21.16,62.5,8.44,1011.43,0.0
2026-09-20 11:00:00,9.76,36.41,22.51,61.54,3.77,1017.34,0.0
2026-09-20 12:00:00,4.0,17.79,22.58,58.02,6.69,1017.37,0.0
2026-09-20 13:00:00,16.24,40.5,26.88,42.86,5.01,1016.42,0.0
2026-09-20 14:00:00,10.24,38.43,26.83,52.17,5.94,1016.42,0.0
2026-09-20 15:00:00,8.06,27.6,25.75,60.34,5.63,1016.9,0.0
2026-09-20 16:00:00,7.76,35.83,25.81,58.25,5.76,1016.27,0.13
2026-09-20 17:00:00,8.83,38.27,25.33,59.27,9.0,1017.66,0.0
2026-09-20 18:00:00,14.98,45.26,21.52,67.21,8.2,1016.7,0.0
2026-09-20 19:00:00,40.68,91.6,22.22,61.36,3.55,1014.67,0.0
2026-09-20 20:00:00,39.02,93.23,20.01,65.77,4.42,1016.69,0.0
2026-09-20 21:00:00,40.52,103.45,17.81,66.47,2.74,1016.16,0.0
2026-09-20 22:00:00,23.95,53.85,16.87,69.37,4.88,1015.69,0.0
2026-09-20 23:00:00,12.05,35.18,17.67,71.66,5.27,1016.0,0.0
2026-09-21 00:00:00,14.74,29.05,14.84,79.1,2.63,1017.08,0.0
2026-09-21 01:00:00,10.65,28.83,12.27,78.36,3.81,1018.05,0.0
2026-09-21 02:00:00,12.17,32.99,12.94,75.91,4.74,1017.24,0.0
2026-09-21 03:00:00,15.45,32.82,13.7,76.34,4.23,1016.51,0.0
2026-09-21 04:00:00,18.11,42.19,13.36,79.36,2.93,1017.36,0.0
2026-09-21 05:00:00,21.85,44.59,13.03,71.77,2.98,1016.62,0.0
2026-09-21 06:00:00,27.11,66.66,13.29,67.89,3.7,1016.44,0.0
2026-09-21 07:00:00,5.0,7.0,16.35,69.37,3.44,1016.07,4.33
2026-09-21 08:00:00,56.59,131.54,17.68,64.29,3.52,1015.59,0.0
2026-09-21 09:00:00,51.37,113.19,20.09,62.81,3.18,1016.68,0.0
2026-09-21 10:00:00,26.72,75.04,21.59,61.55,4.47,1017.12,0.0
2026-09-21 11:00:00,7.57,36.53,23.91,56.15,7.13,1019.17,0.0
2026-09-21 12:00:00,17.52,36.7,23.45,64.6,3.99,1018.92,0.0
2026-09-21 13:00:00,9.58,28.65,26.79,54.08,4.78,1018.49,0.0
2026-09-21 14:00:00,4.0,15.4,26.15,55.13,5.77,1019.74,0.0
2026-09-21 15:00:00,12.49,32.34,28.64,51.94,3.94,1018.2,0.0
2026-09-21 16:00:00,13.58,38.78,25.08,51.3,4.92,1019.87,0.0
2026-09-21 17:00:00,11.8,41.08,27.29,56.03,6.07,1018.45,0.0
2026-09-21 18:00:00,38.24,91.95,24.33,56.9,3.65,1018.65,0.0
2026-09-21 19:00:00,37.02,92.34,21.87,64.32,4.29,1018.08,0.0
2026-09-21 20:00:00,36.78,88.02,20.38,60.03,5.08,1018.85,0.0
2026-09-21 21:00:00,25.51,104.73,18.76,61.02,7.96,1020.03,0.0
2026-09-21 22:00:00,45.2,91.2,17.84,72.16,3.92,1019.66,0.0
2026-09-21 23:00:00,35.99,77.84,16.27,73.22,3.22,1020.03,0.0
2026-09-22 00:00:00,10.13,20.7,13.51,73.07,3.23,1019.67,0.0
2026-09-22 01:00:00,13.08,32.82,13.06,74.01,2.85,1018.37,0.0
2026-09-22 02:00:00,8.52,27.49,14.96,78.57,6.48,1018.99,0.0
2026-09-22 03:00:00,8.14,17.62,14.22,70.65,4.98,1018.63,0.0
2026-09-22 04:00:00,14.05,31.5,12.91,84.33,2.98,1020.31,0.0
2026-09-22 05:00:00,15.56,36.29,13.13,73.76,3.19,1018.29,0.0
2026-09-22 06:00:00,28.53,59.91,14.34,77.74,3.9,1019.96,0.0
2026-09-22 07:00:00,29.83,75.29,16.38,70.2,5.2,1019.96,0.0
2026-09-22 08:00:00,44.41,101.85,16.11,74.41,4.42,1020.71,0.0
2026-09-22 09:00:00,50.18,113.22,18.84,64.91,4.6,1018.92,0.0
2026-09-22 10:00:00,29.74,73.5,18.96,66.22,4.65,1019.82,0.0
2026-09-22 11:00:00,22.13,50.98,23.75,58.41,3.85,1018.82,0.0
2026-09-22 12:00:00,4.87,22.89,25.5,51.09,4.96,1016.5,0.0
2026-09-22 13:00:00,4.87,17.94,25.25,58.51,4.95,1015.76,0.0
2026-09-22 14:00:00,6.29,27.05,28.42,47.79,4.05,1015.49,0.0
2026-09-22 15:00:00,5.42,28.34,25.3,54.55,7.57,1017.56,0.0
2026-09-22 16:00:00,10.87,30.11,24.77,52.44,4.35,1015.48,0.0
2026-09-22 17:00:00,20.55,52.23,26.1,43.77,3.7,1016.69,0.0
2026-09-22 18:00:00,41.06,90.44,25.98,53.47,4.03,1017.34,0.0
2026-09-22 19:00:00,55.77,117.25,25.29,65.13,3.9,1017.14,0.0
2026-09-22 20:00:00,61.77,142.72,21.03,66.28,3.76,1017.33,0.0
2026-09-22 21:00:00,56.77,115.13,21.06,63.01,3.57,1017.17,0.0
2026-09-22 22:00:00,52.33,99.99,17.91,67.71,3.82,1018.01,0.0
2026-09-22 23:00:00,27.63,64.78,16.06,72.18,3.99,1016.23,0.0
2026-09-23 00:00:00,19.48,54.17,15.88,74.6,3.94,1016.45,0.0
2026-09-23 01:00:00,4.0,6.49,14.49,70.19,4.28,1016.37,2.4
2026-09-23 02:00:00,8.46,29.98,11.12,85.44,4.36,1017.66,0.0
2026-09-23 03:00:00,8.47,20.44,14.54,77.69,4.39,1017.71,0.0
2026-09-23 04:00:00,9.16,23.92,14.67,77.47,4.74,1017.35,0.0
2026-09-23 05:00:00,12.44,38.66,12.96,79.43,3.24,1017.94,0.0
2026-09-23 06:00:00,27.79,60.86,15.3,73.54,3.26,1016.05,0.0
2026-09-23 07:00:00,26.16,75.15,16.86,73.34,5.21,1018.32,0.0
2026-09-23 08:00:00,61.07,133.7,18.27,70.48,3.46,1018.21,0.0
2026-09-23 09:00:00,40.3,83.68,19.11,65.19,4.02,1017.58,0.0
2026-09-23 10:00:00,25.64,58.03,20.78,61.3,4.23,1018.42,0.0
2026-09-23 11:00:00,13.45,50.01,24.25,57.76,8.68,1010.59,0.0
2026-09-23 12:00:00,11.04,22.11,27.14,58.34,4.17,1011.5,0.0
2026-09-23 13:00:00,9.11,22.08,27.49,46.56,4.28,1011.33,0.0
2026-09-23 14:00:00,13.33,45.09,27.1,46.35,5.02,1012.49,0.0
2026-09-23 15:00:00,4.0,18.51,28.71,49.98,4.81,1011.07,0.0
2026-09-23 16:00:00,8.12,31.55,24.12,57.79,4.01,1012.52,0.0
2026-09-23 17:00:00,11.94,37.6,28.22,50.9,4.59,1013.01,0.0
2026-09-23 18:00:00,20.4,53.99,23.64,59.42,4.45,1012.47,0.0
2026-09-23 19:00:00,55.76,110.98,23.84,57.2,3.69,1012.14,0.0
2026-09-23 20:00:00,62.96,138.28,21.25,68.71,3.68,1011.12,0.0
2026-09-23 21:00:00,59.34,134.14,19.23,59.98,3.19,1011.24,0.0
2026-09-23 22:00:00,52.61,100.83,20.36,61.04,2.97,1012.91,0.0
2026-09-23 23:00:00,27.32,59.51,16.72,70.49,3.45,1012.54,0.0
2026-09-24 00:00:00,12.38,24.19,16.25,65.18,3.05,1011.88,0.0
2026-09-24 01:00:00,17.72,34.59,14.66,73.91,2.89,1011.58,0.0
2026-09-24 02:00:00,19.84,43.52,14.59,81.38,2.69,1010.29,0.0
2026-09-24 03:00:00,11.09,35.41,13.87,76.12,4.07,1011.06,0.0
2026-09-24 04:00:00,13.03,35.92,12.48,79.46,3.42,1013.44,0.0
2026-09-24 05:00:00,12.09,23.74,15.91,67.32,5.22,1010.89,0.0
2026-09-24 06:00:00,24.8,51.8,15.24,71.1,3.49,1012.07,0.0
2026-09-24 07:00:00,36.92,76.53,15.41,71.76,4.07,1012.72,0.0
2026-09-24 08:00:00,59.1,121.88,18.45,66.52,3.28,1010.91,0.0
2026-09-24 09:00:00,52.32,114.36,22.58,65.48,4.1,1012.06,0.0
2026-09-24 10:00:00,40.05,91.87,23.61,60.73,3.29,1012.67,0.0
